Vol.	Page	Parva	Start	End	count	Remarks
1	1	I	1	15	15	
1	2	I	16	45	30	
1	3	I	46	75	30	
1	4	I	76	104	29	
1	5	I	105	134	30	
1	6	I	135	164	30	
1	7	I	165	194	30	
1	8	I	195	219	25	
1	9	I	220	249	30	
1	10	I	250	279	30	
1	11	I	280	309	30	
1	12	I	310	344	35	
1	13	I	345	374	30	
1	14	I	375	404	30	
1	15	I	405	434	30	
1	16	I	435	464	30	
1	17	I	465	494	30	
1	18	I	495	524	30	
1	19	I	525	554	30	
1	20	I	555	581	27	
1	21	I	582	610	29	
1	22	I	611	638	28	
1	23	I	639	663	25	
1	24	I	664	691	28	
1	25	I	692	715	24	
1	26	I	716	737	22	
1	27	I	738	759	22	
1	28	I	760	781	22	
1	29	I	782	805	24	
1	30	I	806	830	25	
1	31	I	831	855	25	
1	32	I	856	882	27	
1	33	I	883	910	28	
1	34	I	911	938	28	
1	35	I	939	965	27	
1	36	I	966	994	29	
1	37	I	995	1021	27	
1	38	I	1022	1050	29	
1	39	I	1051	1076	26	
1	40	I	1077	1110	34	
1	41	I	1111	1138	28	
1	42	I	1139	1167	29	
1	43	I	1168	1191	24	
1	44	I	1192	1220	29	
1	45	I	1221	1248	28	
1	46	I	1249	1271	23	
1	47	I	1272	1295	24	
1	48	I	1296	1323	28	
1	49	I	1324	1350	27	
1	50	I	1351	1379	29	
1	51	I	1380	1408	29	
1	52	I	1409	1435	27	
1	53	I	1436	1465	30	
1	54	I	1466	1493	28	
1	55	I	1494	1519	26	
1	56	I	1520	1547	28	
1	57	I	1548	1574	27	
1	58	I	1575	1598	24	
1	59	I	1599	1627	29	
1	60	I	1628	1654	27	
1	61	I	1655	1681	27	
1	62	I	1682	1713	32	
1	63	I	1714	1742	29	
1	64	I	1743	1771	29	
1	65	I	1772	1801	30	
1	66	I	1802	1829	28	
1	67	I	1830	1855	26	
1	68	I	1856	1883	28	
1	69	I	1884	1912	29	
1	70	I	1913	1940	28	
1	71	I	1941	1967	27	
1	72	I	1968	1994	27	
1	73	I	1995	2021	27	
1	74	I	2022	2047	26	
1	75	I	2048	2076	29	
1	76	I	2077	2103	27	
1	77	I	2104	2126	23	
1	78	I	2127	2153	27	
1	79	I	2154	2183	30	
1	80	I	2184	2205	22	
1	81	I	2206	2232	27	
1	82	I	2233	2261	29	
1	83	I	2262	2290	29	
1	84	I	2291	2318	28	
1	85	I	2319	2347	29	
1	86	I	2348	2373	26	
1	87	I	2374	2400	27	
1	88	I	2401	2429	29	
1	89	I	2430	2457	28	
1	90	I	2458	2486	29	
1	91	I	2487	2512	26	
1	92	I	2513	2541	29	
1	93	I	2542	2570	29	
1	94	I	2571	2600	30	
1	95	I	2601	2629	29	
1	96	I	2630	2655	26	
1	97	I	2656	2684	29	
1	98	I	2685	2712	28	
1	99	I	2713	2743	31	
1	100	I	2744	2773	30	
1	101	I	2774	2801	28	
1	102	I	2802	2830	29	
1	103	I	2831	2859	29	
1	104	I	2860	2889	30	
1	105	I	2890	2918	29	
1	106	I	2919	2945	27	
1	107	I	2946	2970	25	
1	108	I	2971	2998	28	
1	109	I	2999	3028	30	
1	110	I	3029	3058	30	
1	111	I	3059	3093	35	
1	112	I	3094	3120	27	
1	113	I	3121	3149	29	
1	114	I	3150	3179	30	
1	115	I	3180	3208	29	
1	116	I	3209	3234	26	
1	117	I	3235	3252	18	
1	118	I	3253	3278	26	
1	119	I	3279	3306	28	
1	120	I	3307	3332	26	
1	121	I	3333	3359	27	
1	122	I	3360	3388	29	
1	123	I	3389	3416	28	
1	124	I	3417	3444	28	
1	125	I	3445	3473	29	
1	126	I	3474	3502	29	
1	127	I	3503	3532	30	
1	128	I	3533	3558	26	
1	129	I	3559	3577	19	
1	130	I	3578	3596	19	
1	131	I	3597	3615	19	
1	132	I	3616	3636	21	
1	133	I	3637	3657	21	
1	134	I	3658	3672	15	
1	135	I	3673	3693	21	
1	136	I	3694	3721	28	
1	137	I	3722	3748	27	
1	138	I	3749	3773	25	
1	139	I	3774	3799	26	
1	140	I	3800	3824	25	
1	141	I	3825	3846	22	
1	142	I	3847	3875	29	
1	143	I	3876	3902	27	
1	144	I	3903	3931	29	
1	145	I	3932	3959	28	
1	146	I	3960	3987	28	
1	147	I	3988	4016	29	
1	148	I	4017	4044	28	
1	149	I	4045	4073	29	
1	150	I	4074	4100	27	
1	151	I	4101	4128	28	
1	152	I	4129	4155	27	
1	153	I	4156	4184	29	
1	154	I	4185	4208	24	
1	155	I	4209	4236	28	
1	156	I	4237	4264	28	
1	157	I	4265	4293	29	
1	158	I	4294	4320	27	
1	159	I	4321	4347	27	
1	160	I	4348	4376	29	
1	161	I	4377	4402	26	
1	162	I	4403	4430	28	
1	163	I	4431	4459	29	
1	164	I	4460	4486	27	
1	165	I	4487	4514	28	
1	166	I	4515	4539	25	
1	167	I	4540	4568	29	
1	168	I	4569	4596	28	
1	169	I	4597	4623	27	
1	170	I	4624	4649	26	
1	171	I	4650	4679	30	
1	172	I	4680	4706	27	
1	173	I	4707	4734	28	
1	174	I	4735	4762	28	
1	175	I	4763	4791	29	
1	176	I	4792	4820	29	
1	177	I	4821	4849	29	
1	178	I	4850	4876	27	
1	179	I	4877	4905	29	
1	180	I	4906	4923	18	
1	181	I	4924	4962	39	
1	182	I	4963	4991	29	
1	183	I	4992	5019	28	
1	184	I	5020	5047	28	
1	185	I	5048	5074	27	
1	186	I	5075	5104	30	
1	187	I	5105	5132	28	
1	188	I	5133	5161	29	
1	189	I	5162	5189	28	
1	190	I	5190	5216	27	
1	191	I	5217	5245	29	
1	192	I	5246	5273	28	
1	193	I	5274	5302	29	
1	194	I	5303	5331	29	
1	195	I	5332	5360	29	
1	196	I	5361	5389	29	
1	197	I	5390	5417	28	
1	198	I	5418	5445	28	
1	199	I	5446	5470	25	
1	200	I	5471	5498	28	
1	201	I	5499	5526	28	
1	202	I	5527	5553	27	
1	203	I	5554	5583	30	
1	204	I	5584	5610	27	
1	205	I	5611	5637	27	
1	206	I	5638	5667	30	
1	207	I	5668	5694	27	
1	208	I	5695	5722	28	
1	209	I	5723	5751	29	
1	210	I	5752	5780	29	
1	211	I	5781	5809	29	
1	212	I	5810	5838	29	
1	213	I	5839	5866	28	
1	214	I	5867	5895	29	
1	215	I	5896	5924	29	
1	216	I	5925	5950	26	
1	217	I	5951	5979	29	
1	218	I	5980	6008	29	
1	219	I	6009	6038	30	
1	220	I	6039	6067	29	
1	221	I	6068	6095	28	
1	222	I	6096	6122	27	
1	223	I	6123	6149	27	
1	224	I	6150	6179	30	
1	225	I	6180	6206	27	
1	226	I	6207	6233	27	
1	227	I	6234	6261	28	
1	228	I	6262	6290	29	
1	229	I	6291	6315	25	
1	230	I	6316	6343	28	
1	231	I	6344	6371	28	
1	232	I	6372	6399	28	
1	233	I	6400	6426	27	
1	234	I	6427	6454	28	
1	235	I	6455	6483	29	
1	236	I	6484	6513	30	
1	237	I	6514	6542	29	
1	238	I	6543	6570	28	
1	239	I	6571	6598	28	
1	240	I	6599	6628	30	
1	241	I	6629	6655	27	
1	242	I	6656	6683	28	
1	243	I	6684	6712	29	
1	244	I	6713	6742	30	
1	245	I	6743	6770	28	
1	246	I	6771	6799	29	
1	247	I	6800	6826	27	
1	248	I	6827	6855	29	
1	249	I	6856	6884	29	
1	250	I	6885	6911	27	
1	251	I	6912	6937	26	
1	252	I	6938	6965	28	
1	253	I	6966	6993	28	
1	254	I	6994	7020	27	
1	255	I	7021	7048	28	
1	256	I	7049	7075	27	
1	257	I	7076	7104	29	
1	258	I	7105	7130	26	
1	259	I	7131	7154	24	
1	260	I	7155	7173	19	
1	261	I	7174	7197	24	
1	262	I	7198	7222	25	
1	263	I	7223	7251	29	
1	264	I	7252	7279	28	
1	265	I	7280	7303	24	
1	266	I	7304	7328	25	
1	267	I	7329	7350	22	
1	268	I	7351	7375	25	
1	269	I	7376	7404	29	
1	270	I	7405	7432	28	
1	271	I	7433	7459	27	
1	272	I	7460	7487	28	
1	273	I	7488	7516	29	
1	274	I	7517	7544	28	
1	275	I	7545	7572	28	
1	276	I	7573	7600	28	
1	277	I	7601	7627	27	
1	278	I	7628	7656	29	
1	279	I	7657	7685	29	
1	280	I	7686	7714	29	
1	281	I	7715	7742	28	
1	282	I	7743	7767	25	
1	283	I	7768	7795	28	
1	284	I	7796	7822	27	
1	285	I	7823	7851	29	
1	286	I	7852	7877	26	
1	287	I	7878	7905	28	
1	288	I	7906	7932	27	
1	289	I	7933	7962	30	
1	290	I	7963	7989	27	
1	291	I	7990	8019	30	
1	292	I	8020	8049	30	
1	293	I	8050	8078	29	
1	294	I	8079	8106	28	
1	295	I	8107	8135	29	
1	296	I	8136	8163	28	
1	297	I	8164	8191	28	
1	298	I	8192	8219	28	
1	299	I	8220	8248	29	
1	300	I	8249	8277	29	
1	301	I	8278	8306	29	
1	302	I	8307	8335	29	
1	303	I	8336	8362	27	
1	304	I	8363	8389	27	
1	305	I	8390	8417	28	
1	306	I	8418	8445	28	
1	307	I	8446	8473	28	
1	308	I	8474	8479	6	
1	309	II	1	17	17	
1	310	II	18	46	29	
1	311	II	47	74	28	
1	312	II	75	103	29	
1	313	II	104	133	30	
1	314	II	134	159	26	
1	315	II	160	187	28	
1	316	II	188	217	30	
1	317	II	218	247	30	
1	318	II	248	274	27	
1	319	II	275	302	28	
1	320	II	303	330	28	
1	321	II	331	358	28	
1	322	II	359	387	29	
1	323	II	388	415	28	
1	324	II	416	442	27	
1	325	II	443	471	29	
1	326	II	472	500	29	
1	327	II	501	527	27	
1	328	II	528	555	28	
1	329	II	556	584	29	
1	330	II	585	614	30	
1	331	II	615	642	28	
1	332	II	643	669	27	
1	333	II	670	696	27	
1	334	II	697	725	29	
1	335	II	726	752	27	
1	336	II	753	779	27	
1	337	II	780	808	29	
1	338	II	809	838	30	
1	339	II	839	866	28	
1	340	II	867	893	27	
1	341	II	894	923	30	
1	342	II	924	950	27	
1	343	II	951	980	30	
1	344	II	981	1006	26	
1	345	II	1007	1033	27	
1	346	II	1034	1061	28	
1	347	II	1062	1090	29	
1	348	II	1091	1119	29	
1	349	II	1120	1147	28	
1	350	II	1148	1177	30	
1	351	II	1178	1203	26	
1	352	II	1204	1231	28	
1	353	II	1232	1259	28	
1	354	II	1260	1288	29	
1	355	II	1289	1314	26	
1	356	II	1315	1343	29	
1	357	II	1344	1372	29	
1	358	II	1373	1400	28	
1	359	II	1401	1427	27	
1	360	II	1428	1455	28	
1	361	II	1456	1484	29	
1	362	II	1485	1513	29	
1	363	II	1514	1541	28	
1	364	II	1542	1568	27	
1	365	II	1569	1598	30	
1	366	II	1599	1626	28	
1	367	II	1627	1653	27	
1	368	II	1654	1680	27	
1	369	II	1681	1709	29	
1	370	II	1710	1738	29	
1	371	II	1739	1768	30	
1	372	II	1769	1797	29	
1	373	II	1798	1823	26	
1	374	II	1824	1853	30	
1	375	II	1854	1882	29	
1	376	II	1883	1911	29	
1	377	II	1912	1940	29	
1	378	II	1941	1968	28	
1	379	II	1969	1991	23	
1	380	II	1992	2010	19	
1	381	II	2011	2037	27	
1	382	II	2038	2065	28	
1	383	II	2066	2093	28	
1	384	II	2094	2117	24	
1	385	II	2118	2139	22	
1	386	II	2140	2163	24	
1	387	II	2164	2189	26	
1	388	II	2190	2211	22	
1	389	II	2212	2234	23	
1	390	II	2235	2259	25	
1	391	II	2260	2289	30	
1	392	II	2290	2318	29	
1	393	II	2319	2346	28	
1	394	II	2347	2370	24	
1	395	II	2371	2395	25	
1	396	II	2396	2416	21	
1	397	II	2417	2445	29	
1	398	II	2446	2472	27	
1	399	II	2473	2499	27	
1	400	II	2500	2525	26	
1	401	II	2526	2552	27	
1	402	II	2553	2581	29	
1	403	II	2582	2610	29	
1	404	II	2611	2638	28	
1	405	II	2639	2668	30	
1	406	II	2669	2696	28	
1	407	II	2697	2709	13	
1	408	--	--	--	--	Blank
1	409	III	1	17	17	
1	410	III	18	46	29	
1	411	III	47	76	30	
1	412	III	77	104	28	
1	413	III	105	133	29	
1	414	III	134	161	28	
1	415	III	162	191	30	
1	416	III	192	218	27	
1	417	III	219	238	20	
1	418	III	239	261	23	
1	419	III	262	290	29	
1	420	III	291	319	29	
1	421	III	320	346	27	
1	422	III	347	376	30	
1	423	III	377	403	27	
1	424	III	404	433	30	
1	425	III	434	460	27	
1	426	III	461	487	27	
1	427	III	488	517	30	
1	428	III	518	547	30	
1	429	III	548	577	30	
1	430	III	578	604	27	
1	431	III	605	633	29	
1	432	III	634	660	27	
1	433	III	661	690	30	
1	434	III	691	718	28	
1	435	III	719	748	30	
1	436	III	749	776	28	
1	437	III	777	806	30	
1	438	III	807	834	28	
1	439	III	835	863	29	
1	440	III	864	893	30	
1	441	III	894	919	26	
1	442	III	920	947	28	
1	443	III	948	971	24	
1	444	III	972	1000	29	
1	445	III	1001	1029	29	
1	446	III	1030	1059	30	
1	447	III	1060	1087	28	
1	448	III	1088	1116	29	
1	449	III	1117	1145	29	
1	450	III	1146	1174	29	
1	451	III	1175	1202	28	
1	452	III	1203	1232	30	
1	453	III	1233	1262	30	
1	454	III	1263	1291	29	
1	455	III	1292	1321	30	
1	456	III	1322	1350	29	
1	457	III	1351	1375	25	
1	458	III	1376	1405	30	
1	459	III	1406	1433	28	
1	460	III	1434	1462	29	
1	461	III	1463	1492	30	
1	462	III	1493	1519	27	
1	463	III	1520	1549	30	
1	464	III	1550	1578	29	
1	465	III	1579	1608	30	
1	466	III	1609	1637	29	
1	467	III	1638	1664	27	
1	468	III	1665	1694	30	
1	469	III	1695	1721	27	
1	470	III	1722	1751	30	
1	471	III	1752	1780	29	
1	472	III	1781	1808	28	
1	473	III	1809	1835	27	
1	474	III	1836	1865	30	
1	475	III	1866	1894	29	
1	476	III	1895	1923	29	
1	477	III	1924	1952	29	
1	478	III	1953	1980	28	
1	479	III	1981	2009	29	
1	480	III	2010	2033	24	
1	481	III	2034	2063	30	
1	482	III	2064	2091	28	
1	483	III	2092	2120	29	
1	484	III	2121	2149	29	
1	485	III	2150	2178	29	
1	486	III	2179	2207	29	
1	487	III	2208	2237	30	
1	488	III	2238	2265	28	
1	489	III	2266	2293	28	
1	490	III	2294	2322	29	
1	491	III	2323	2351	29	
1	492	III	2352	2380	29	
1	493	III	2381	2408	28	
1	494	III	2409	2438	30	
1	495	III	2439	2468	30	
1	496	III	2469	2498	30	
1	497	III	2499	2528	30	
1	498	III	2529	2557	29	
1	499	III	2558	2587	30	
1	500	III	2588	2616	29	
1	501	III	2617	2645	29	
1	502	III	2646	2674	29	
1	503	III	2675	2703	29	
1	504	III	2704	2733	30	
1	505	III	2734	2762	29	
1	506	III	2763	2791	29	
1	507	III	2792	2820	29	
1	508	III	2821	2850	30	
1	509	III	2851	2878	28	
1	510	III	2879	2907	29	
1	511	III	2908	2936	29	
1	512	III	2937	2965	29	
1	513	III	2966	3000	35	
1	514	III	3001	3029	29	
1	515	III	3030	3059	30	
1	516	III	3060	3087	28	
1	517	III	3088	3114	27	31xx > 40xx : 900
1	518	III	4015	4042	28	
1	519	III	4043	4072	30	
1	520	III	4073	4102	30	41xx > 50xx : 900
1	521	III	5003	5032	30	
1	522	III	5033	5062	30	
1	523	III	5063	5091	29	
1	524	III	5092	5121	30	51xx > 60xx : 900
1	525	III	6022	6051	30	
1	526	III	6052	6081	30	
1	527	III	6082	6111	30	61xx > 70xx : 900
1	528	III	7012	7041	30	
1	529	III	7042	7070	29	
1	530	III	7071	7099	29	71xx > 80xx : 900
1	531	III	8000	8029	30	
1	532	III	8030	8059	30	
1	533	III	8060	8089	30	
1	534	III	8090	8118	29	
1	535	III	8119	8146	28	
1	536	III	8147	8176	30	
1	537	III	8177	8206	30	
1	538	III	8207	8236	30	
1	539	III	8237	8266	30	
1	540	III	8267	8295	29	
1	541	III	8296	8323	28	
1	542	III	8324	8352	29	
1	543	III	8353	8380	28	
1	544	III	8381	8409	29	
1	545	III	8410	8438	29	
1	546	III	8439	8466	28	
1	547	III	8467	8494	28	
1	548	III	8495	8523	29	
1	549	III	8524	8551	28	
1	550	III	8552	8580	29	
1	551	III	8581	8609	29	
1	552	III	8610	8638	29	
1	553	III	8639	8668	30	
1	554	III	8669	8697	29	
1	555	III	8698	8726	29	
1	556	III	8727	8755	29	
1	557	III	8756	8783	28	
1	558	III	8784	8811	28	
1	559	III	8812	8840	29	
1	560	III	8841	8869	29	
1	561	III	8870	8899	30	89xx > 99xx : 1000
1	562	III	9900	9927	28	
1	563	III	9928	9956	29	
1	564	III	9957	9985	29	
1	565	III	9986	10015	30	
1	566	III	10016	10039	24	
1	567	III	10040	10063	24	
1	568	III	10064	10085	22	
1	569	III	10086	10114	29	101xx > 110xx : 900
1	570	III	11015	11042	28	
1	571	III	11043	11070	28	
1	572	III	11071	11094	24	111xx > 102xx : -900
1	573	III	10195	10222	28	
1	574	III	10223	10247	25	
1	575	III	10248	10272	25	
1	576	III	10273	10300	28	
1	577	III	10301	10329	29	
1	578	III	10330	10358	29	
1	579	III	10359	10387	29	
1	580	III	10388	10416	29	
1	581	III	10417	10445	29	
1	582	III	10446	10474	29	
1	583	III	10475	10503	29	
1	584	III	10504	10532	29	
1	585	III	10533	10560	28	
1	586	III	10561	10590	30	
1	587	III	10591	10615	25	
1	588	III	10616	10635	20	
1	589	III	10636	10657	22	
1	590	III	10658	10673	16	
1	591	III	10674	10695	22	
1	592	III	10696	10725	30	
1	593	III	10726	10754	29	
1	594	III	10755	10782	28	
1	595	III	10783	10812	30	
1	596	III	10813	10838	26	
1	597	III	10839	10867	29	
1	598	III	10868	10896	29	
1	599	III	10897	10925	29	
1	600	III	10926	10955	30	
1	601	III	10956	10984	29	
1	602	III	10985	11012	28	
1	603	III	11013	11041	29	
1	604	III	11042	11070	29	
1	605	III	11071	11100	30	
1	606	III	11101	11130	30	
1	607	III	11131	11160	30	
1	608	III	11161	11189	29	
1	609	III	11190	11218	29	
1	610	III	11219	11247	29	
1	611	III	11248	11276	29	
1	612	III	11277	11306	30	
1	613	III	11307	11334	28	
1	614	III	11335	11361	27	
1	615	III	11362	11389	28	
1	616	III	11390	11417	28	
1	617	III	11418	11446	29	
1	618	III	11447	11472	26	
1	619	III	11473	11502	30	
1	620	III	11503	11528	26	
1	621	III	11529	11558	30	
1	622	III	11559	11588	30	
1	623	III	11589	11618	30	
1	624	III	11619	11647	29	
1	625	III	11648	11676	29	
1	626	III	11677	11706	30	
1	627	III	11707	11736	30	
1	628	III	11737	11765	29	
1	629	III	11766	11795	30	
1	630	III	11796	11824	29	
1	631	III	11825	11853	29	
1	632	III	11854	11882	29	
1	633	III	11883	11907	25	
1	634	III	11908	11934	27	
1	635	III	11935	11964	30	
1	636	III	11965	11993	29	
1	637	III	11994	12023	30	
1	638	III	12024	12053	30	
1	639	III	12054	12082	29	
1	640	III	12083	12111	29	
1	641	III	12112	12140	29	
1	642	III	12141	12169	29	
1	643	III	12170	12198	29	
1	644	III	12199	12228	30	
1	645	III	12229	12258	30	
1	646	III	12259	12286	28	
1	647	III	12287	12314	28	
1	648	III	12315	12337	23	
1	649	III	12338	12363	26	
1	650	III	12364	12393	30	
1	651	III	12394	12422	29	
1	652	III	12423	12451	29	
1	653	III	12452	12481	30	
1	654	III	12482	12510	29	
1	655	III	12511	12538	28	
1	656	III	12539	12566	28	
1	657	III	12567	12594	28	
1	658	III	12595	12624	30	
1	659	III	12625	12653	29	
1	660	III	12654	12682	29	
1	661	III	12683	12712	30	
1	662	III	12713	12733	21	
1	663	III	12734	12756	23	
1	664	III	12757	12786	30	
1	665	III	12787	12815	29	
1	666	III	12816	12845	30	
1	667	III	12846	12875	30	
1	668	III	12876	12905	30	
1	669	III	12906	12935	30	
1	670	III	12936	12964	29	
1	671	III	12965	12994	30	
1	672	III	12995	13023	29	
1	673	III	13024	13053	30	
1	674	III	13054	13083	30	
1	675	III	13084	13112	29	
1	676	III	13113	13141	29	
1	677	III	13142	13167	26	
1	678	III	13168	13186	19	
1	679	III	13187	13203	17	
1	680	III	13204	13224	21	
1	681	III	13225	13248	24	
1	682	III	13249	13272	24	
1	683	III	13273	13292	20	
1	684	III	13293	13310	18	
1	685	III	13311	13331	21	
1	686	III	13332	13348	17	
1	687	III	13349	13378	30	
1	688	III	13379	13407	29	
1	689	III	13408	13437	30	
1	690	III	13438	13467	30	
1	691	III	13468	13494	27	
1	692	III	13495	13522	28	
1	693	III	13523	13551	29	
1	694	III	13552	13581	30	
1	695	III	13582	13611	30	
1	696	III	13612	13640	29	
1	697	III	13641	13669	29	
1	698	III	13670	13699	30	
1	699	III	13700	13728	29	
1	700	III	13729	13757	29	
1	701	III	13758	13786	29	
1	702	III	13787	13815	29	
1	703	III	13816	13844	29	
1	704	III	13845	13872	28	
1	705	III	13873	13901	29	
1	706	III	13902	13930	29	
1	707	III	13931	13958	28	
1	708	III	13959	13988	30	
1	709	III	13989	14017	29	
1	710	III	14018	14046	29	
1	711	III	14047	14075	29	
1	712	III	14076	14104	29	
1	713	III	14105	14132	28	
1	714	III	14133	14161	29	
1	715	III	14162	14189	28	
1	716	III	14190	14217	28	
1	717	III	14218	14246	29	
1	718	III	14247	14275	29	
1	719	III	14276	14304	29	
1	720	III	14305	14334	30	
1	721	III	14335	14363	29	
1	722	III	14364	14391	28	
1	723	III	14392	14421	30	
1	724	III	14422	14452	31	
1	725	III	14453	14481	29	
1	726	III	14482	14511	30	
1	727	III	14512	14540	29	
1	728	III	14541	14570	30	
1	729	III	14571	14600	30	
1	730	III	14601	14629	29	
1	731	III	14630	14653	24	
1	732	III	14654	14683	30	
1	733	III	14684	14711	28	
1	734	III	14712	14738	27	
1	735	III	14739	14762	24	
1	736	III	14763	14789	27	
1	737	III	14790	14818	29	
1	738	III	14819	14847	29	
1	739	III	14848	14877	30	
1	740	III	14878	14904	27	
1	741	III	14905	14933	29	
1	742	III	14934	14961	28	
1	743	III	14962	14990	29	
1	744	III	14991	15019	29	
1	745	III	15020	15048	29	
1	746	III	15049	15076	28	
1	747	III	15077	15106	30	
1	748	III	15107	15134	28	
1	749	III	15135	15163	29	
1	750	III	15164	15193	30	
1	751	III	15194	15222	29	
1	752	III	15223	15251	29	
1	753	III	15252	15280	29	
1	754	III	15281	15309	29	
1	755	III	15310	15338	29	
1	756	III	15339	15364	26	
1	757	III	15365	15391	27	
1	758	III	15392	15420	29	
1	759	III	15421	15449	29	
1	760	III	15450	15479	30	
1	761	III	15480	15506	27	
1	762	III	15507	15535	29	
1	763	III	15536	15565	30	
1	764	III	15566	15592	27	
1	765	III	15593	15618	26	
1	766	III	15619	15649	31	
1	767	III	15650	15674	25	
1	768	III	15675	15694	20	
1	769	III	15695	15715	21	
1	770	III	15716	15745	30	
1	771	III	15746	15775	30	
1	772	III	15776	15801	26	
1	773	III	15802	15831	30	
1	774	III	15832	15858	27	
1	775	III	15859	15885	27	
1	776	III	15886	15914	29	
1	777	III	15915	15943	29	
1	778	III	15944	15972	29	
1	779	III	15973	16001	29	
1	780	III	16002	16031	30	
1	781	III	16032	16060	29	
1	782	III	16061	16090	30	
1	783	III	16091	16119	29	
1	784	III	16120	16149	30	
1	785	III	16150	16178	29	
1	786	III	16179	16207	29	
1	787	III	16208	16236	29	
1	788	III	16237	16265	29	
1	789	III	16266	16295	30	
1	790	III	16296	16324	29	
1	791	III	16325	16354	30	
1	792	III	16355	16382	28	
1	793	III	16383	16411	29	
1	794	III	16412	16440	29	
1	795	III	16441	16469	29	
1	796	III	16470	16498	29	
1	797	III	16499	16528	30	
1	798	III	16529	16557	29	
1	799	III	16558	16588	31	
1	800	III	16589	16615	27	
1	801	III	16616	16644	29	
1	802	III	16645	16673	29	
1	803	III	16674	16700	27	
1	804	III	16701	16729	29	
1	805	III	16730	16758	29	
1	806	III	16759	16780	22	
1	807	III	16781	16798	18	
1	808	III	16799	16825	27	
1	809	III	16826	16855	30	
1	810	III	16856	16884	29	
1	811	III	16885	16910	26	
1	812	III	16911	16936	26	
1	813	III	16937	16965	29	
1	814	III	16966	16994	29	
1	815	III	16995	17023	29	
1	816	III	17024	17051	28	
1	817	III	17052	17080	29	
1	818	III	17081	17106	26	
1	819	III	17107	17135	29	
1	820	III	17136	17164	29	
1	821	III	17165	17193	29	
1	822	III	17194	17220	27	
1	823	III	17221	17247	27	
1	824	III	17248	17277	30	
1	825	III	17278	17306	29	
1	826	III	17307	17334	28	
1	827	III	17335	17364	30	
1	828	III	17365	17394	30	
1	829	III	17395	17422	28	
1	830	III	17423	17451	29	
1	831	III	17452	17478	27	
2	1	IV	1	20	20	
2	2	IV	21	48	28	
2	3	IV	49	75	27	
2	4	IV	76	104	29	
2	5	IV	105	133	29	
2	6	IV	134	161	28	
2	7	IV	162	190	29	
2	8	IV	191	217	27	
2	9	IV	218	234	17	
2	10	IV	235	255	21	
2	11	IV	256	280	25	
2	12	IV	281	301	21	
2	13	IV	302	319	18	
2	14	IV	320	343	24	
2	15	IV	344	372	29	
2	16	IV	373	398	26	
2	17	IV	399	429	31	
2	18	IV	430	454	25	
2	19	IV	455	481	27	
2	20	IV	482	509	28	
2	21	IV	510	536	27	
2	22	IV	537	565	29	
2	23	IV	566	595	30	
2	24	IV	596	629	34	
2	25	IV	630	658	29	
2	26	IV	659	688	30	
2	27	IV	689	717	29	
2	28	IV	718	747	30	
2	29	IV	748	776	29	
2	30	IV	777	805	29	
2	31	IV	806	834	29	
2	32	IV	835	861	27	
2	33	IV	862	890	29	
2	34	IV	891	918	28	
2	35	IV	919	947	29	
2	36	IV	958	986	29	94x > 95x :10
2	37	IV	987	1015	29	
2	38	IV	1016	1044	29	
2	39	IV	1045	1072	28	
2	40	IV	1073	1098	26	
2	41	IV	1099	1128	30	
2	42	IV	1129	1157	29	
2	43	IV	1158	1186	29	
2	44	IV	1187	1209	23	
2	45	IV	1210	1237	28	
2	46	IV	1238	1267	30	
2	47	IV	1268	1295	28	
2	48	IV	1296	1322	27	
2	49	IV	1323	1350	28	
2	50	IV	1351	1379	29	
2	51	IV	1380	1408	29	
2	52	IV	1409	1437	29	
2	53	IV	1438	1467	30	
2	54	IV	1468	1496	29	
2	55	IV	1497	1525	29	
2	56	IV	1526	1553	28	
2	57	IV	1554	1582	29	
2	58	IV	1583	1611	29	
2	59	IV	1612	1640	29	
2	60	IV	1641	1668	28	
2	61	IV	1669	1696	28	
2	62	IV	1697	1726	30	
2	63	IV	1727	1756	30	
2	64	IV	1757	1783	27	
2	65	IV	1784	1813	30	
2	66	IV	1814	1842	29	
2	67	IV	1843	1872	30	
2	68	IV	1873	1901	29	
2	69	IV	1902	1930	29	
2	70	IV	1931	1958	28	
2	71	IV	1959	1989	31	
2	72	IV	1990	2018	29	
2	73	IV	2019	2046	28	
2	74	IV	2047	2076	30	
2	75	IV	2077	2102	26	
2	76	IV	2103	2128	26	
2	77	IV	2129	2153	25	
2	78	IV	2154	2179	26	
2	79	IV	2180	2208	29	
2	80	IV	2209	2238	30	
2	81	IV	2239	2263	25	
2	82	IV	2264	2292	29	
2	83	IV	2293	2322	30	
2	84	IV	2323	2360	28	233x > 234x : 10
2	85	IV	2361	2376	16	
2	86	V	1	16	16	
2	87	V	17	40	24	
2	88	V	41	69	29	
2	89	V	70	98	29	
2	90	V	99	126	28	
2	91	V	127	157	31	
2	92	V	158	186	29	
2	93	V	187	216	30	
2	94	V	217	245	29	
2	95	V	246	275	30	
2	96	V	276	304	29	
2	97	V	305	333	29	
2	98	V	334	362	29	
2	99	V	363	390	28	
2	100	V	391	419	29	
2	101	V	420	446	27	
2	102	V	447	476	30	
2	103	V	477	504	28	
2	104	V	505	529	25	
2	105	V	530	558	29	
2	106	V	559	587	29	
2	107	V	588	614	27	
2	108	V	615	643	29	
2	109	V	644	664	21	
2	110	V	665	688	24	
2	111	V	689	710	22	
2	112	V	711	731	21	
2	113	V	732	755	24	
2	114	V	756	782	27	
2	115	V	783	805	23	
2	116	V	806	828	23	
2	117	V	829	851	23	
2	118	V	852	871	20	
2	119	V	872	894	23	
2	120	V	895	917	23	
2	121	V	918	944	27	
2	122	V	945	969	25	
2	123	V	970	994	25	
2	124	V	990	1019	30	995 > 990 : -5
2	129	V	1020	1049	30	p. 125 marked as  p.129
2	130	V	1050	1078	29	
2	131	V	1079	1106	28	
2	132	V	1107	1136	30	
2	133	V	1137	1165	29	
2	134	V	1166	1194	29	
2	135	V	1195	1223	29	
2	136	V	1224	1252	29	
2	137	V	1253	1279	27	
2	138	V	1280	1305	26	
2	139	V	1306	1332	27	
2	140	V	1333	1356	24	
2	141	V	1357	1385	29	
2	142	V	1386	1412	27	
2	143	V	1413	1442	30	
2	144	V	1443	1470	28	
2	145	V	1471	1499	29	
2	146	V	1500	1529	30	
2	147	V	1530	1555	26	
2	148	V	1556	1578	23	
2	149	V	1578	1598	21	1579 >1578 : -1
2	150	V	1599	1623	25	
2	151	V	1624	1649	26	
2	152	V	1650	1677	28	
2	153	V	1678	1700	23	
2	154	V	1701	1727	27	
2	155	V	1728	1756	29	
2	156	V	1757	1786	30	
2	157	V	1787	1810	24	
2	158	V	1811	1836	26	
2	159	V	1837	1859	23	
2	160	V	1860	1883	24	
2	161	V	1884	1908	25	
2	162	V	1909	1931	23	
2	163	V	1932	1961	30	
2	164	V	1962	1990	29	
2	165	V	1991	2019	29	
2	166	V	2020	2049	30	
2	167	V	2050	2083	34	
2	168	V	2084	2109	26	
2	169	V	2110	2137	28	
2	170	V	2138	2166	29	
2	171	V	2167	2196	30	
2	172	V	2197	2224	28	
2	173	V	2225	2252	28	
2	174	V	2253	2283	31	
2	175	V	2284	2312	29	
2	176	V	2313	2345	33	
2	177	V	2346	2374	29	
2	178	V	2375	2403	29	
2	179	V	2404	2427	24	
2	180	V	2428	2455	28	
2	181	V	2456	2484	29	
2	182	V	2485	2510	26	
2	183	V	2511	2532	22	
2	184	V	2533	2560	28	
2	185	V	2561	2585	25	
2	186	V	2586	2615	30	
2	187	V	2616	2645	30	
2	188	V	2646	2674	29	
2	189	V	2675	2704	30	
2	190	V	2705	2733	29	
2	191	V	2734	2761	28	
2	192	V	2762	2788	27	
2	193	V	2789	2817	29	
2	194	V	2818	2845	28	
2	195	V	2846	2873	28	
2	196	V	2874	2903	30	
2	197	V	2904	2933	30	
2	198	V	2934	2962	29	
2	199	V	2963	2992	30	
2	200	V	2993	3022	30	
2	201	V	3023	3051	29	
2	202	V	3052	3079	28	
2	203	V	3080	3108	29	
2	204	V	3109	3137	29	
2	205	V	3138	3167	30	
2	206	V	3168	3197	30	
2	207	V	3198	3227	30	
2	208	V	3228	3256	29	
2	209	V	3257	3285	29	
2	210	V	3286	3314	29	
2	211	V	3315	3343	29	
2	212	V	3344	3373	30	
2	213	V	3374	3402	29	
2	214	V	3403	3432	30	
2	215	V	3433	3461	29	
2	216	V	3462	3491	30	
2	217	V	3492	3519	28	
2	218	V	3520	3546	27	
2	219	V	3547	3576	30	
2	220	V	3577	3604	28	
2	221	V	3605	3633	29	
2	222	V	3634	3662	29	
2	223	V	3663	3691	29	
2	224	V	3692	3720	29	
2	225	V	3721	3748	28	
2	226	V	3749	3777	29	
2	227	V	3778	3805	28	
2	228	V	3806	3834	29	
2	229	V	3835	3863	29	
2	230	V	3864	3892	29	
2	231	V	3893	3920	28	
2	232	V	3921	3949	29	
2	233	V	3950	3978	29	
2	234	V	3979	4006	28	
2	235	V	4007	4035	29	
2	236	V	4036	4064	29	
2	237	V	4065	4094	30	
2	238	V	4095	4120	26	
2	239	V	4121	4150	30	
2	240	V	4151	4180	30	
2	241	V	4181	4209	29	
2	242	V	4210	4237	28	
2	243	V	4238	4266	29	
2	244	V	4267	4296	30	
2	245	V	4297	4325	29	
2	246	V	4326	4355	30	
2	247	V	4356	4384	29	
2	248	V	4385	4414	30	
2	249	V	4415	4443	29	
2	250	V	4444	4472	29	
2	251	V	4473	4501	29	
2	252	V	4502	4531	30	
2	253	V	4532	4560	29	
2	254	V	4561	4589	29	
2	255	V	4590	4619	30	
2	256	V	4620	4647	28	
2	257	V	4648	4675	28	
2	258	V	4676	4704	29	
2	259	V	4705	4733	29	
2	260	V	4734	4762	29	
2	261	V	4763	4792	30	
2	262	V	4793	4820	28	
2	263	V	4821	4849	29	
2	264	V	4850	4879	30	
2	265	V	4880	4908	29	
2	266	V	4909	4936	28	
2	267	V	4937	4965	29	
2	268	V	4966	4995	30	
2	269	V	4996	5024	29	
2	270	V	5025	5053	29	
2	271	V	5054	5081	28	
2	272	V	5082	5107	26	
2	273	V	5108	5137	30	
2	274	V	5138	5167	30	
2	275	V	5168	5195	28	
2	276	V	5196	5224	29	
2	277	V	5225	5253	29	
2	278	V	5254	5282	29	
2	279	V	5283	5311	29	
2	280	V	5312	5339	28	
2	281	V	5340	5368	29	
2	282	V	5369	5397	29	
2	283	V	5398	5423	26	
2	284	V	5424	5453	30	
2	285	V	5454	5483	30	
2	286	V	5484	5513	30	
2	287	V	5514	5541	28	
2	288	V	5542	5570	29	
2	289	V	5571	5599	29	
2	290	V	5600	5629	30	
2	291	V	5630	5657	28	
2	292	V	5658	5687	30	
2	293	V	5688	5713	26	
2	294	V	5714	5743	30	
2	295	V	5744	5769	26	
2	296	V	5770	5799	30	
2	297	V	5800	5828	29	
2	298	V	5829	5857	29	
2	299	V	5858	5885	28	
2	300	V	5886	5913	28	
2	301	V	5914	5940	27	
2	302	V	5941	5965	25	
2	303	V	5966	5994	29	
2	304	V	5995	6023	29	
2	305	V	6024	6052	29	
2	306	V	6053	6082	30	
2	307	V	6083	7012	30	61xx > 70xx : 900
2	308	V	7013	7040	28	p.308 marked as  p.380
2	309	V	7041	7070	30	
2	310	V	7071	7100	30	
2	311	V	7101	7129	29	
2	312	V	7130	7159	30	
2	313	V	7160	7188	29	
2	314	V	7189	7212	24	
2	315	V	7213	7237	25	
2	316	V	7238	7265	28	
2	317	V	7266	7293	28	
2	318	V	7294	7322	29	
2	319	V	7323	7351	29	
2	320	V	7352	7380	29	
2	321	V	7381	7408	28	
2	322	V	7409	7437	29	
2	323	V	7438	7466	29	
2	324	V	7467	7495	29	
2	325	V	7496	7525	30	
2	326	V	7526	7554	29	
2	327	V	7555	7582	28	
2	328	V	7583	7611	29	
2	329	V	7612	7640	29	
2	330	V	7641	7657	17	
2	331	VI	1	15	15	
2	332	VI	16	44	29	
2	333	VI	45	73	29	
2	334	VI	74	103	30	
2	335	VI	104	132	29	
2	336	VI	133	159	27	
2	337	VI	160	188	29	
2	338	VI	189	217	29	
2	339	VI	218	247	30	
2	340	VI	248	276	29	
2	341	VI	277	305	29	
2	342	VI	306	334	29	
2	343	VI	335	364	30	
2	344	VI	365	393	29	
2	345	VI	394	419	26	
2	346	VI	420	448	29	
2	347	VI	449	478	30	
2	348	VI	479	505	27	
2	349	VI	506	534	29	
2	350	VI	535	564	30	
2	351	VI	565	593	29	
2	352	VI	594	622	29	
2	353	VI	623	651	29	
2	354	VI	652	680	29	
2	355	VI	681	708	28	
2	356	VI	709	737	29	
2	357	VI	738	761	24	
2	358	VI	762	788	27	
2	359	VI	789	816	28	
2	360	VI	817	844	28	
2	361	VI	845	873	29	
2	362	VI	874	898	25	
2	363	VI	899	926	28	
2	364	VI	927	954	28	
2	365	VI	955	984	30	
2	366	VI	985	1012	28	
2	367	VI	1013	1040	28	
2	368	VI	1041	1068	28	
2	369	VI	1069	1098	30	
2	370	VI	1099	1126	28	
2	371	VI	1127	1154	28	
2	372	VI	1155	1183	29	
2	373	VI	1184	1210	27	
2	374	VI	1211	1240	30	
2	375	VI	1241	1266	26	
2	376	VI	1267	1287	21	
2	377	VI	1288	1313	26	
2	378	VI	1314	1341	28	
2	379	VI	1342	1369	28	
2	380	VI	1370	1396	27	
2	381	VI	1397	1424	28	
2	382	VI	1425	1452	28	
2	383	VI	1453	1480	28	
2	384	VI	1481	1510	30	
2	385	VI	1511	1536	26	
2	386	VI	1537	1566	30	
2	387	VI	1567	1596	30	
2	388	VI	1597	1626	30	
2	389	VI	1627	1654	28	
2	390	VI	1655	1683	29	
2	391	VI	1684	1723	40	
2	392	VI	1724	1743	20	
2	393	VI	1744	1772	29	
2	394	VI	1773	1802	30	
2	395	VI	1803	1831	29	
2	396	VI	1832	1861	30	
2	397	VI	1862	1890	29	
2	398	VI	1891	1920	30	
2	399	VI	1921	1950	30	
2	400	VI	1951	1980	30	
2	401	VI	1981	2019	39	
2	402	VI	2020	2038	19	
2	403	VI	2039	2068	30	
2	404	VI	2069	2097	29	
2	405	VI	2098	2126	29	
2	406	VI	2127	2156	30	
2	407	VI	2157	2186	30	
2	408	VI	2187	2215	29	
2	409	VI	2216	2244	29	
2	410	VI	2245	2274	30	
2	411	VI	2275	2304	30	
2	412	VI	2305	2334	30	
2	413	VI	2335	2363	29	
2	414	VI	2364	2393	30	
2	415	VI	2394	2422	29	
2	416	VI	2423	2451	29	
2	417	VI	2452	2480	29	
2	418	VI	2481	2509	29	
2	419	VI	2510	2539	30	
2	420	VI	2540	2569	30	
2	421	VI	2570	2597	28	
2	422	VI	2598	2626	29	
2	423	VI	2627	2653	27	
2	424	VI	2654	2682	29	
2	425	VI	2683	2712	30	
2	426	VI	2713	2741	29	
2	427	VI	2742	2770	29	
2	428	VI	2771	2798	28	
2	429	VI	2799	2825	27	
2	430	VI	2826	2855	30	
2	431	VI	2856	2885	30	
2	432	VI	2886	2914	29	
2	433	VI	2915	2944	30	
2	434	VI	2945	2973	29	
2	435	VI	2974	3003	30	
2	436	VI	3004	3032	29	
2	437	VI	3033	3060	28	
2	438	VI	3061	3089	29	
2	439	VI	3090	3118	29	
2	440	VI	3119	3148	30	
2	441	VI	3149	3177	29	
2	442	VI	3178	3206	29	
2	443	VI	3207	3236	30	
2	444	VI	3237	3265	29	
2	445	VI	3266	3294	29	
2	446	VI	3295	3323	29	
2	447	VI	3324	3352	29	
2	448	VI	3353	3381	29	
2	449	VI	3382	3410	29	
2	450	VI	3411	3437	27	
2	451	VI	3438	3466	29	
2	452	VI	3467	3496	30	
2	453	VI	3497	3521	25	
2	454	VI	3522	3549	28	
2	455	VI	3550	3578	29	
2	456	VI	3579	3608	30	
2	457	VI	3609	3637	29	
2	458	VI	3638	3665	28	
2	459	VI	3666	3694	29	
2	460	VI	3695	3722	28	
2	461	VI	3723	3751	29	
2	462	VI	3752	3778	27	
2	463	VI	3779	3806	28	
2	464	VI	3807	3836	30	
2	465	VI	3837	3865	29	
2	466	VI	3866	3894	29	
2	467	VI	3895	3924	30	
2	468	VI	3925	3953	29	
2	469	VI	3954	3982	29	
2	470	VI	3983	4012	30	
2	471	VI	4013	4042	30	
2	472	VI	4043	4071	29	
2	473	VI	4072	4100	29	
2	474	VI	4101	4130	30	
2	475	VI	4131	4159	29	
2	476	VI	4160	4188	29	
2	477	VI	4189	4218	30	
2	478	VI	4219	4247	29	
2	479	VI	4248	4277	30	
2	480	VI	4278	4312	30	4286 > 4290 : 5
2	481	VI	4313	4341	29	
2	482	VI	4342	4371	30	
2	483	VI	4372	4401	30	
2	484	VI	4402	4430	29	
2	485	VI	4431	4459	29	
2	486	VI	4460	4489	30	
2	487	VI	4490	4518	29	
2	488	VI	4519	4546	28	
2	489	VI	4547	4576	30	
2	490	VI	4577	4604	28	
2	491	VI	4605	4634	30	
2	492	VI	4635	4663	29	
2	493	VI	4664	4692	29	
2	494	VI	4693	4722	30	
2	495	VI	4723	4751	29	
2	496	VI	4752	4780	29	
2	497	VI	4781	4809	29	
2	498	VI	4810	4839	30	
2	499	VI	4840	4869	30	
2	500	VI	4870	4898	29	
2	501	VI	4899	4928	30	
2	502	VI	4929	4958	30	
2	503	VI	4959	4988	30	
2	504	VI	4989	5017	29	
2	505	VI	5018	5047	30	
2	506	VI	5048	5076	29	
2	507	VI	5077	5105	29	
2	508	VI	5106	5135	30	
2	509	VI	5136	5164	29	
2	510	VI	5165	5194	30	
2	511	VI	5195	5223	29	
2	512	VI	5224	5252	29	
2	513	VI	5253	5282	30	
2	514	VI	5283	5311	29	
2	515	VI	5312	5340	29	
2	516	VI	5341	5370	30	
2	517	VI	5371	5399	29	
2	518	VI	5400	5429	30	
2	519	VI	5430	5458	29	
2	520	VI	5459	5488	30	
2	521	VI	5489	5517	29	
2	522	VI	5518	5547	30	
2	523	VI	5548	5576	29	
2	524	VI	5577	5606	30	
2	525	VI	5607	5636	30	
2	526	VI	5637	5666	30	
2	527	VI	5667	5695	29	
2	528	VI	5696	5725	30	
2	529	VI	5726	5754	29	
2	530	VI	5755	5783	29	
2	531	VI	5784	5812	29	
2	532	VI	5813	5839	27	
2	533	VI	5840	5856	17	
2	534	--	--	--	--	Blank
2	535	VII	1	19	19	
2	536	VII	20	49	30	
2	537	VII	50	69	20	
2	538	VII	70	87	18	
2	539	VII	88	114	27	
2	540	VII	115	143	29	
2	541	VII	144	171	28	
2	542	VII	172	201	30	
2	543	VII	202	230	29	
2	544	VII	231	258	28	
2	545	VII	259	287	29	
2	546	VII	288	316	29	
2	547	VII	317	346	30	
2	548	VII	347	376	30	
2	549	VII	377	405	29	
2	550	VII	406	435	30	
2	551	VII	436	463	28	
2	552	VII	464	492	29	
2	553	VII	493	521	29	
2	554	VII	522	551	30	
2	555	VII	552	580	29	
2	556	VII	581	608	28	
2	557	VII	609	636	28	
2	558	VII	637	667	31	
2	559	VII	668	694	27	
2	560	VII	695	723	29	
2	561	VII	724	752	29	
2	562	VII	753	782	30	
2	563	VII	783	811	29	
2	564	VII	812	841	30	
2	565	VII	842	870	29	
2	566	VII	871	900	30	
2	567	VII	901	928	28	
2	568	VII	929	956	28	
2	569	VII	957	986	30	
2	570	VII	987	1016	30	
2	571	VII	1017	1045	29	
2	572	VII	1046	1074	29	
2	573	VII	1075	1104	30	
2	574	VII	1105	1133	29	
2	575	VII	1134	1163	30	
2	576	VII	1164	1192	29	
2	577	VII	1193	1220	28	
2	578	VII	1221	1249	29	
2	579	VII	1250	1278	29	
2	580	VII	1279	1306	28	
2	581	VII	1307	1336	30	
2	582	VII	1337	1364	28	
2	583	VII	1365	1393	29	
2	584	VII	1394	1423	30	
2	585	VII	1424	1450	27	
2	586	VII	1451	1475	25	
2	587	VII	1476	1504	29	
2	588	VII	1505	1533	29	
2	589	VII	1534	1562	29	
2	590	VII	1563	1591	29	
2	591	VII	1592	1621	30	
2	592	VII	1622	1649	28	
2	593	VII	1650	1678	29	
2	594	VII	1679	1708	30	
2	595	VII	1709	1737	29	
2	596	VII	1738	1765	28	
2	597	VII	1766	1794	29	
2	598	VII	1795	1823	29	
2	599	VII	1824	1852	29	
2	600	VII	1853	1881	29	
2	601	VII	1882	1910	29	
2	602	VII	1911	1939	29	
2	603	VII	1940	1968	29	
2	604	VII	1969	1993	25	
2	605	VII	1994	2022	29	
2	606	VII	2023	2051	29	
2	607	VII	2052	2079	28	
2	608	VII	2080	2108	29	
2	609	VII	2109	2134	26	
2	610	VII	2135	2164	30	
2	611	VII	2165	2193	29	
2	612	VII	2194	2221	28	
2	613	VII	2222	2249	28	
2	614	VII	2250	2277	28	
2	615	VII	2278	2305	28	
2	616	VII	2306	2333	28	
2	617	VII	2334	2362	29	
2	618	VII	2363	2391	29	
2	619	VII	2392	2419	28	
2	620	VII	2420	2447	28	
2	621	VII	2448	2474	27	
2	622	VII	2475	2500	26	
2	623	VII	2501	2530	30	
2	624	VII	2531	2560	30	
2	625	VII	2561	2589	29	
2	626	VII	2590	2616	27	
2	627	VII	2617	2646	30	
2	628	VII	2647	2675	29	
2	629	VII	2676	2704	29	
2	630	VII	2705	2731	27	
2	631	VII	2732	2761	30	
2	632	VII	2762	2790	29	
2	633	VII	2791	2819	29	
2	634	VII	2820	2849	30	
2	635	VII	2850	2879	30	
2	636	VII	2880	2908	29	
2	637	VII	2909	2937	29	
2	638	VII	2938	2966	29	
2	639	VII	2967	2993	27	
2	640	VII	2994	3022	29	
2	641	VII	3023	3052	30	
2	642	VII	3053	3081	29	
2	643	VII	3082	3110	29	
2	644	VII	3111	3139	29	
2	645	VII	3140	3168	29	
2	646	VII	3169	3197	29	
2	647	VII	3198	3226	29	
2	648	VII	3227	3256	30	
2	649	VII	3257	3285	29	
2	650	VII	3286	3315	30	
2	651	VII	3316	3344	29	
2	652	VII	3345	3374	30	
2	653	VII	3375	3404	30	
2	654	VII	3405	3433	29	
2	655	VII	3434	3463	30	
2	656	VII	3464	3492	29	
2	657	VII	3493	3527	30	3505 > 3510 :10
2	658	VII	3528	3556	29	
2	659	VII	3557	3584	28	
2	660	VII	3585	3614	30	
2	661	VII	3615	3644	30	
2	662	VII	3645	3673	29	
2	663	VII	3674	3703	30	
2	664	VII	3704	3732	29	
2	665	VII	3733	3761	29	
2	666	VII	3762	3789	28	
2	667	VII	3790	3818	29	
2	668	VII	3819	3847	29	
2	669	VII	3848	3877	30	
2	670	VII	3878	3906	29	
2	671	VII	3907	3935	29	
2	672	VII	3936	3964	29	
2	673	VII	3965	3994	30	
2	674	VII	3995	4023	29	
2	675	VII	4024	4052	29	
2	676	VII	4053	4082	30	
2	677	VII	4083	4111	29	
2	678	VII	4112	4139	28	
2	679	VII	4140	4169	30	
2	680	VII	4170	4199	30	
2	681	VII	4200	4229	30	
2	682	VII	4230	4258	29	
2	683	VII	4259	4288	30	
2	684	VII	4289	4317	29	
2	685	VII	4318	4347	30	
2	686	VII	4348	4376	29	
2	687	VII	4377	4406	30	
2	688	VII	4407	4436	30	
2	689	VII	4437	4465	29	
2	690	VII	4466	4495	30	
2	691	VII	4496	4525	30	
2	692	VII	4526	4554	29	
2	693	VII	4555	4584	30	
2	694	VII	4585	4613	29	
2	695	VII	4614	4643	30	
2	696	VII	4644	4672	29	
2	697	VII	4673	4696	24	
2	698	VII	4697	4725	29	
2	699	VII	4726	4755	30	
2	700	VII	4756	4784	29	
2	701	VII	4785	4813	29	
2	702	VII	4814	4843	30	
2	703	VII	4844	4872	29	
2	704	VII	4873	4902	30	
2	705	VII	4903	4932	30	
2	706	VII	4933	4961	29	
2	707	VII	4962	4990	29	
2	708	VII	4991	5019	29	
2	709	VII	5020	5049	30	
2	710	VII	5050	5079	30	
2	711	VII	5080	5108	29	
2	712	VII	5109	5138	30	
2	713	VII	5139	5167	29	
2	714	VII	5168	5197	30	
2	715	VII	5198	5226	29	
2	716	VII	5227	5256	30	
2	717	VII	5257	5285	29	
2	718	VII	5286	5314	29	
2	719	VII	5315	5344	30	
2	720	VII	5345	5373	29	
2	721	VII	5374	5403	30	
2	722	VII	5404	5432	29	
2	723	VII	5433	5461	29	
2	724	VII	5462	5491	30	
2	725	VII	5492	5520	29	
2	726	VII	5521	5549	29	
2	727	VII	5550	5578	29	
2	728	VII	5579	5608	30	
2	729	VII	5609	5637	29	
2	730	VII	5638	5666	29	
2	731	VII	5667	5695	29	
2	732	VII	5696	5725	30	
2	733	VII	5726	5755	30	
2	734	VII	5756	5785	30	
2	735	VII	5786	5814	29	
2	736	VII	5815	5839	25	
2	737	VII	5840	5868	29	
2	738	VII	5869	5897	29	
2	739	VII	5898	5926	29	
2	740	VII	5927	5956	30	
2	741	VII	5957	5986	30	
2	742	VII	5987	6016	30	
2	743	VII	6017	6045	29	
2	744	VII	6046	6074	29	
2	745	VII	6075	6104	30	
2	746	VII	6105	6134	30	
2	747	VII	6135	6156	22	
2	748	VII	6157	6186	30	
2	749	VII	6187	6216	30	
2	750	VII	6217	6246	30	
2	751	VII	6247	6276	30	
2	752	VII	6277	6305	29	
2	753	VII	6306	6335	30	
2	754	VII	6336	6365	30	
2	755	VII	6366	6394	29	
2	756	VII	6395	6424	30	
2	757	VII	6425	6453	29	
2	758	VII	6454	6483	30	
2	759	VII	6484	6512	29	
2	760	VII	6513	6541	29	
2	761	VII	6542	6570	29	
2	762	VII	6571	6600	30	
2	763	VII	6601	6626	26	
2	764	VII	6627	6655	29	
2	765	VII	6656	6684	29	
2	766	VII	6685	6714	30	
2	767	VII	6715	6739	25	
2	768	VII	6740	6769	30	
2	769	VII	6770	6799	30	
2	770	VII	6800	6829	30	
2	771	VII	6830	6859	30	
2	772	VII	6860	6889	30	
2	773	VII	6890	6919	30	
2	774	VII	6920	6947	28	
2	775	VII	6948	6976	29	
2	776	VII	6977	7006	30	
2	777	VII	7007	7036	30	
2	778	VII	7037	7065	29	
2	779	VII	7066	7095	30	
2	780	VII	7096	7125	30	
2	781	VII	7126	7154	29	
2	782	VII	7155	7184	30	
2	783	VII	7185	7212	28	
2	784	VII	7213	7241	29	
2	785	VII	7242	7271	30	
2	786	VII	7272	7296	25	
2	787	VII	7297	7318	22	
2	788	VII	7319	7348	30	
2	789	VII	7349	7377	29	
2	790	VII	7378	7406	29	
2	791	VII	7407	7436	30	
2	792	VII	7437	7465	29	
2	793	VII	7466	7493	28	
2	794	VII	7494	7521	28	
2	795	VII	7522	7551	30	
2	796	VII	7552	7580	29	
2	797	VII	7581	7609	29	
2	798	VII	7610	7639	30	
2	799	VII	7640	7669	30	
2	800	VII	7670	7698	29	
2	801	VII	7699	7728	30	
2	802	VII	7729	7757	29	
2	803	VII	7758	7786	29	
2	804	VII	7787	7816	30	
2	805	VII	7817	7845	29	
2	806	VII	7846	7875	30	
2	807	VII	7876	7904	29	
2	808	VII	7905	7934	30	
2	809	VII	7935	7964	30	
2	810	VII	7965	7994	30	
2	811	VII	7995	8023	29	
2	812	VII	8024	8052	29	
2	813	VII	8053	8081	29	
2	814	VII	8082	8111	30	
2	815	VII	8112	8136	25	
2	816	VII	8137	8160	24	
2	817	VII	8161	8178	18	
2	818	VII	8179	8207	29	
2	819	VII	8208	8235	28	
2	820	VII	8236	8263	28	
2	821	VII	8264	8292	29	
2	822	VII	8293	8321	29	
2	823	VII	8322	8351	30	
2	824	VII	8352	8377	26	
2	825	VII	8378	8407	30	
2	826	VII	8408	8436	29	
2	827	VII	8437	8464	28	
2	828	VII	8465	8494	30	
2	829	VII	8495	8523	29	
2	830	VII	8524	8553	30	
2	831	VII	8554	8582	29	
2	832	VII	8583	8612	30	
2	833	VII	8613	8641	29	
2	834	VII	8642	8670	29	
2	835	VII	8671	8699	29	
2	836	VII	8700	8729	30	
2	837	VII	8730	8758	29	
2	838	VII	8759	8788	30	
2	839	VII	8789	8817	29	
2	840	VII	8818	8847	30	
2	841	VII	8848	8877	30	
2	842	VII	8878	8904	27	
2	843	VII	8905	8934	30	
2	844	VII	8935	8963	29	
2	845	VII	8964	8992	29	
2	846	VII	8993	9022	30	
2	847	VII	9023	9050	28	
2	848	VII	9051	9079	29	
2	849	VII	9080	9108	29	
2	850	VII	9109	9137	29	
2	851	VII	9138	9167	30	
2	852	VII	9168	9196	29	
2	853	VII	9197	9226	30	
2	854	VII	9227	9256	30	
2	855	VII	9257	9285	29	
2	856	VII	9286	9315	30	
2	857	VII	9316	9343	28	
2	858	VII	9344	9373	30	
2	859	VII	9374	9402	29	
2	860	VII	9403	9432	30	
2	861	VII	9433	9460	28	
2	862	VII	9461	9484	24	
2	863	VII	9485	9513	29	
2	864	VII	9514	9543	30	
2	865	VII	9544	9573	30	
2	866	VII	9574	9603	30	
2	867	VII	9604	9633	30	
2	868	VII	9634	9649	16	
3	1	VIII	1	19	19	
3	2	VIII	20	48	29	
3	3	VIII	49	76	28	
3	4	VIII	77	105	29	
3	5	VIII	106	135	30	
3	6	VIII	136	164	29	
3	7	VIII	165	193	29	
3	8	VIII	194	218	25	
3	9	VIII	219	247	29	
3	10	VIII	248	275	28	
3	11	VIII	276	304	29	
3	12	VIII	305	334	30	
3	13	VIII	335	363	29	
3	14	VIII	364	393	30	
3	15	VIII	394	422	29	
3	16	VIII	423	451	29	
3	17	VIII	452	481	30	
3	18	VIII	482	510	29	
3	19	VIII	511	539	29	
3	20	VIII	540	568	29	
3	21	VIII	569	598	30	
3	22	VIII	599	627	29	
3	23	VIII	628	657	30	
3	24	VIII	658	684	27	
3	25	VIII	685	704	20	
3	26	VIII	705	728	24	
3	27	VIII	729	758	30	
3	28	VIII	759	787	29	
3	29	VIII	788	814	27	
3	30	VIII	815	840	26	
3	31	VIII	841	869	29	
3	32	VIII	870	898	29	
3	33	VIII	899	927	29	
3	34	VIII	927	956	30	928 > 928 : -1
3	35	VIII	957	986	30	
3	36	VIII	987	1015	29	
3	37	VIII	1016	1043	28	
3	38	VIII	1044	1072	29	
3	39	VIII	1073	1101	29	
3	40	VIII	1102	1130	29	
3	41	VIII	1131	1160	30	
3	42	VIII	1161	1189	29	
3	43	VIII	1190	1217	28	
3	44	VIII	1218	1246	29	
3	45	VIII	1247	1275	29	
3	46	VIII	1276	1305	30	
3	47	VIII	1306	1334	29	
3	48	VIII	1335	1364	30	
3	49	VIII	1365	1393	29	
3	50	VIII	1394	1423	30	
3	51	VIII	1424	1452	29	
3	52	VIII	1453	1480	28	
3	53	VIII	1481	1510	30	
3	54	VIII	1511	1540	30	
3	55	VIII	1541	1570	30	
3	56	VIII	1571	1600	30	
3	57	VIII	1601	1628	28	
3	58	VIII	1629	1657	29	
3	59	VIII	1658	1686	29	
3	60	VIII	1687	1715	29	
3	61	VIII	1716	1741	26	
3	62	VIII	1742	1770	29	
3	63	VIII	1771	1800	30	
3	64	VIII	1801	1829	29	
3	65	VIII	1830	1859	30	
3	66	VIII	1860	1888	29	
3	67	VIII	1889	1918	30	
3	68	VIII	1919	1948	30	
3	69	VIII	1949	1977	29	
3	70	VIII	1978	2003	26	
3	71	VIII	2004	2031	28	
3	72	VIII	2032	2061	30	
3	73	VIII	2062	2089	28	
3	74	VIII	2090	2117	28	
3	75	VIII	2118	2146	29	
3	76	VIII	2147	2176	30	
3	77	VIII	2177	2206	30	
3	78	VIII	2207	2234	28	
3	79	VIII	2235	2264	30	
3	80	VIII	2265	2294	30	
3	81	VIII	2295	2323	29	
3	82	VIII	2324	2353	30	
3	83	VIII	2354	2383	30	
3	84	VIII	2384	2412	29	
3	85	VIII	2413	2441	29	
3	86	VIII	2442	2471	30	
3	87	VIII	2472	2501	30	
3	88	VIII	2502	2530	29	
3	89	VIII	2531	2560	30	
3	90	VIII	2561	2589	29	
3	91	VIII	2590	2618	29	
3	92	VIII	2619	2648	30	
3	93	VIII	2649	2677	29	
3	94	VIII	2678	2706	29	
3	95	VIII	2707	2736	30	
3	96	VIII	2737	2766	30	
3	97	VIII	2767	2796	30	
3	98	VIII	2797	2826	30	
3	99	VIII	2827	2855	29	
3	100	VIII	2856	2884	29	
3	101	VIII	2885	2913	29	
3	102	VIII	2914	2943	30	
3	103	VIII	2944	2973	30	
3	104	VIII	2974	3003	30	
3	105	VIII	3004	3033	30	
3	106	VIII	3034	3063	30	
3	107	VIII	3064	3092	29	
3	108	VIII	3093	3122	30	
3	109	VIII	3123	3151	29	
3	110	VIII	3152	3180	29	
3	111	VIII	3181	3210	30	
3	112	VIII	3211	3239	29	
3	113	VIII	3240	3269	30	
3	114	VIII	3270	3295	26	
3	115	VIII	3296	3322	27	
3	116	VIII	3323	3348	26	
3	117	VIII	3349	3371	23	
3	118	VIII	3372	3392	21	
3	119	VIII	3393	3419	27	
3	120	VIII	3420	3449	30	
3	121	VIII	3450	3478	29	
3	122	VIII	3479	3499	21	
3	123	VIII	3500	3522	23	
3	124	VIII	3523	3547	25	
3	125	VIII	3548	3576	29	
3	126	VIII	3577	3604	28	
3	127	VIII	3605	3633	29	
3	128	VIII	3634	3663	30	
3	129	VIII	3664	3693	30	
3	130	VIII	3694	3723	30	
3	131	VIII	3724	3752	29	
3	132	VIII	3753	3782	30	
3	133	VIII	3783	3808	26	
3	134	VIII	3809	3832	24	
3	135	VIII	3833	3855	23	
3	136	VIII	3856	3880	25	
3	137	VIII	3881	3910	30	
3	138	VIII	3911	3939	29	
3	139	VIII	3940	3969	30	
3	140	VIII	3970	3999	30	
3	141	VIII	4000	4028	29	
3	142	VIII	4029	4054	26	
3	143	VIII	4055	4077	23	
3	144	VIII	4078	4101	24	
3	145	VIII	4102	4130	29	
3	146	VIII	4131	4160	30	
3	147	VIII	4161	4187	27	
3	148	VIII	4188	4211	24	
3	149	VIII	4212	4235	24	
3	150	VIII	4236	4263	28	
3	151	VIII	4264	4293	30	
3	152	VIII	4294	4316	23	
3	153	VIII	4317	4341	25	
3	154	VIII	4342	4370	29	
3	155	VIII	4371	4398	28	
3	156	VIII	4399	4428	30	
3	157	VIII	4429	4458	30	
3	158	VIII	4459	4488	30	
3	159	VIII	4489	4510	22	
3	160	VIII	4511	4526	16	
3	161	VIII	4527	4551	25	
3	162	VIII	4552	4577	26	
3	163	VIII	4578	4605	28	
3	164	VIII	4606	4631	26	
3	165	VIII	4632	4660	29	
3	166	VIII	4661	4686	26	
3	167	VIII	4687	4708	22	
3	168	VIII	4709	4737	29	
3	169	VIII	4738	4765	28	
3	170	VIII	4766	4794	29	
3	171	VIII	4795	4822	28	
3	172	VIII	4823	4848	26	
3	173	VIII	4849	4878	30	
3	174	VIII	4879	4906	28	
3	175	VIII	4907	4932	26	
3	176	VIII	4933	4960	28	
3	177	VIII	4961	4988	28	
3	178	VIII	4989	5018	30	
3	179	VIII	5019	5044	26	
3	180	VIII	5045	5047	3	
3	181	IX	1	19	19	
3	182	IX	20	49	30	
3	183	IX	50	78	29	
3	184	IX	79	108	30	
3	185	IX	109	137	29	
3	186	IX	138	167	30	
3	187	IX	168	196	29	
3	188	IX	197	226	30	
3	189	IX	227	255	29	
3	190	IX	256	285	30	
3	191	IX	286	314	29	
3	192	IX	315	343	29	
3	193	IX	344	372	29	
3	194	IX	373	402	30	
3	195	IX	403	431	29	
3	196	IX	432	460	29	
3	197	IX	461	490	30	
3	198	IX	491	520	30	
3	199	IX	521	549	29	
3	200	IX	550	579	30	
3	201	IX	580	608	29	
3	202	IX	609	638	30	
3	203	IX	639	667	29	
3	204	IX	668	697	30	
3	205	IX	698	726	29	
3	206	IX	727	755	29	
3	207	IX	756	785	30	
3	208	IX	786	814	29	
3	209	IX	815	844	30	
3	210	IX	845	873	29	
3	211	IX	874	900	27	
3	212	IX	901	929	29	
3	213	IX	930	958	29	
3	214	IX	959	988	30	
3	215	IX	989	1017	29	
3	216	IX	1018	1047	30	
3	217	IX	1048	1075	28	
3	218	IX	1076	1103	28	
3	219	IX	1104	1132	29	
3	220	IX	1133	1162	30	
3	221	IX	1163	1191	29	
3	222	IX	1192	1221	30	
3	223	IX	1222	1250	29	
3	224	IX	1251	1279	29	
3	225	IX	1280	1309	30	
3	226	IX	1310	1338	29	
3	227	IX	1339	1368	30	
3	228	IX	1369	1398	30	
3	229	IX	1399	1427	29	
3	230	IX	1428	1456	29	
3	231	IX	1457	1486	30	
3	232	IX	1487	1515	29	
3	233	IX	1516	1545	30	
3	234	IX	1546	1572	27	
3	235	IX	1573	1602	30	
3	236	IX	1603	1632	30	
3	237	IX	1633	1662	30	
3	238	IX	1663	1691	29	
3	239	IX	1692	1721	30	
3	240	IX	1722	1750	29	
3	241	IX	1751	1780	30	
3	242	IX	1781	1810	30	
3	243	IX	1811	1837	27	
3	244	IX	1838	1867	30	
3	245	IX	1868	1896	29	
3	246	IX	1897	1926	30	
3	247	IX	1927	1955	29	
3	248	IX	1956	1984	29	
3	249	IX	1985	2014	30	
3	250	IX	2015	2049	29	2035 > 2040 : 5
3	251	IX	2050	2078	29	
3	252	IX	2079	2108	30	
3	253	IX	2109	2137	29	
3	254	IX	2138	2167	30	
3	255	IX	2168	2196	29	
3	256	IX	2197	2226	30	
3	257	IX	2227	2255	29	
3	258	IX	2256	2284	29	
3	259	IX	2285	2314	30	
3	260	IX	2315	2343	29	
3	261	IX	2344	2371	28	
3	262	IX	2372	2400	29	
3	263	IX	2401	2429	29	
3	264	IX	2430	2454	25	
3	265	IX	2455	2484	30	
3	266	IX	2485	2513	29	
3	267	IX	2514	2543	30	
3	268	IX	2544	2573	30	
3	269	IX	2574	2603	30	
3	270	IX	2604	2632	29	
3	271	IX	2633	2662	30	
3	272	IX	2663	2692	30	
3	273	IX	2693	2722	30	
3	274	IX	2723	2751	29	
3	275	IX	2752	2780	29	
3	276	IX	2781	2810	30	
3	277	IX	2811	2839	29	
3	278	IX	2840	2869	30	
3	279	IX	2870	2898	29	
3	280	IX	2899	2927	29	
3	281	IX	2928	2957	30	
3	282	IX	2958	2986	29	
3	283	IX	2987	3014	28	
3	284	IX	3015	3043	29	
3	285	IX	3044	3073	30	
3	286	IX	3074	3102	29	
3	287	IX	3103	3131	29	
3	288	IX	3132	3161	30	
3	289	IX	3162	3190	29	
3	290	IX	3191	3220	30	
3	291	IX	3221	3246	26	
3	292	IX	3247	3276	30	
3	293	IX	3277	3306	30	
3	294	IX	3307	3335	29	
3	295	IX	3336	3364	29	
3	296	IX	3365	3393	29	
3	297	IX	3394	3423	30	
3	298	IX	3424	3453	30	
3	299	IX	3454	3482	29	
3	300	IX	3483	3511	29	
3	301	IX	3512	3541	30	
3	302	IX	3542	3571	30	
3	303	IX	3572	3600	29	
3	304	IX	3601	3628	28	
3	305	IX	3629	3659	31	
3	306	IX	3660	3671	12	
3	307	Χ	1	19	19	
3	308	Χ	20	49	30	
3	309	Χ	50	78	29	
3	310	Χ	79	107	29	
3	311	Χ	108	137	30	
3	312	Χ	138	166	29	
3	313	Χ	167	195	29	
3	314	Χ	196	224	29	
3	315	Χ	225	253	29	
3	316	Χ	254	283	30	
3	317	Χ	284	313	30	
3	318	Χ	314	342	29	
3	319	Χ	343	372	30	
3	320	Χ	373	402	30	
3	321	Χ	403	432	30	
3	322	Χ	433	462	30	
3	323	Χ	463	491	29	
3	324	Χ	492	521	30	
3	325	Χ	522	547	26	
3	326	Χ	548	573	26	
3	327	Χ	574	603	30	
3	328	Χ	604	632	29	
3	329	Χ	633	661	29	
3	330	Χ	662	689	28	
3	331	Χ	690	719	30	
3	332	Χ	720	748	29	
3	333	Χ	749	777	29	
3	334	Χ	778	806	29	
3	335	Χ	807	811	5	
3	336	ΧΙ	1	20	20	
3	337	ΧΙ	21	49	29	
3	338	ΧΙ	50	79	30	
3	339	ΧΙ	80	107	28	
3	340	ΧΙ	108	136	29	
3	341	ΧΙ	137	164	28	
3	342	ΧΙ	165	193	29	
3	343	ΧΙ	194	223	30	
3	344	ΧΙ	224	252	29	
3	345	ΧΙ	253	281	29	
3	346	ΧΙ	282	310	29	
3	347	ΧΙ	311	339	29	
3	348	ΧΙ	340	367	28	
3	349	ΧΙ	368	395	28	
3	350	ΧΙ	396	424	29	
3	351	ΧΙ	425	451	27	
3	352	ΧΙ	452	481	30	
3	353	ΧΙ	482	510	29	
3	354	ΧΙ	511	539	29	
3	355	ΧΙ	540	567	28	
3	356	ΧΙ	568	597	30	
3	357	ΧΙ	598	625	28	
3	358	ΧΙ	626	654	29	
3	359	ΧΙ	655	683	29	
3	360	ΧΙ	684	712	29	
3	361	ΧΙ	713	742	30	
3	362	ΧΙ	743	767	25	
3	363	ΧΙ	768	797	30	
3	364	ΧΙ	798	826	29	
3	365	ΧΙ	827	828	2	
3	366	ΧΙΙ	1	19	19	
3	367	ΧΙΙ	20	48	29	
3	368	ΧΙΙ	49	77	29	
3	369	ΧΙΙ	78	106	29	
3	370	ΧΙΙ	107	133	27	
3	371	ΧΙΙ	134	161	28	
3	372	ΧΙΙ	162	191	30	
3	373	ΧΙΙ	192	224	29	
3	374	ΧΙΙ	225	253	29	221 > 225 : 4
3	375	ΧΙΙ	254	278	25	
3	376	ΧΙΙ	279	307	29	
3	377	ΧΙΙ	308	336	29	
3	378	ΧΙΙ	337	366	30	
3	379	ΧΙΙ	367	394	28	
3	380	ΧΙΙ	395	423	29	
3	381	ΧΙΙ	424	453	30	
3	382	ΧΙΙ	454	481	28	
3	383	ΧΙΙ	482	510	29	
3	384	ΧΙΙ	511	538	28	
3	385	ΧΙΙ	539	569	31	
3	386	ΧΙΙ	570	598	29	
3	387	ΧΙΙ	599	623	25	
3	388	ΧΙΙ	624	651	28	
3	389	ΧΙΙ	652	681	30	
3	390	ΧΙΙ	682	710	29	
3	391	ΧΙΙ	711	731	21	
3	392	ΧΙΙ	732	755	24	
3	393	ΧΙΙ	756	779	24	
3	394	ΧΙΙ	780	807	28	
3	395	ΧΙΙ	808	836	29	
3	396	ΧΙΙ	837	866	30	
3	397	ΧΙΙ	867	895	29	
3	398	ΧΙΙ	896	925	30	
3	399	ΧΙΙ	926	955	30	
3	400	ΧΙΙ	956	985	30	
3	401	ΧΙΙ	986	1015	30	
3	402	ΧΙΙ	1016	1042	27	
3	403	ΧΙΙ	1043	1072	30	
3	404	ΧΙΙ	1073	1101	29	
3	405	ΧΙΙ	1102	1131	30	
3	406	ΧΙΙ	1132	1159	28	
3	407	ΧΙΙ	1160	1189	30	
3	408	ΧΙΙ	1190	1218	29	
3	409	ΧΙΙ	1219	1247	29	
3	410	ΧΙΙ	1248	1277	30	
3	411	ΧΙΙ	1278	1306	29	
3	412	ΧΙΙ	1307	1336	30	
3	413	ΧΙΙ	1337	1365	29	
3	414	ΧΙΙ	1366	1394	29	
3	415	ΧΙΙ	1395	1424	30	
3	416	ΧΙΙ	1425	1452	28	
3	417	ΧΙΙ	1453	1481	29	
3	418	ΧΙΙ	1482	1509	28	
3	419	ΧΙΙ	1510	1537	28	
3	420	ΧΙΙ	1538	1566	29	
3	421	ΧΙΙ	1567	1594	28	
3	422	ΧΙΙ	1595	1624	30	
3	423	ΧΙΙ	1625	1654	30	
3	424	ΧΙΙ	1655	1683	29	
3	425	ΧΙΙ	1684	1710	27	
3	426	ΧΙΙ	1711	1739	29	
3	427	ΧΙΙ	1740	1769	30	
3	428	ΧΙΙ	1770	1799	30	
3	429	ΧΙΙ	1800	1827	28	
3	430	ΧΙΙ	1828	1855	28	
3	431	ΧΙΙ	1856	1880	25	
3	432	ΧΙΙ	1881	1905	25	
3	433	ΧΙΙ	1906	1934	29	
3	434	ΧΙΙ	1935	1963	29	
3	435	ΧΙΙ	1964	1992	29	
3	436	ΧΙΙ	1993	2022	30	
3	437	ΧΙΙ	2023	2051	29	
3	438	ΧΙΙ	2052	2081	30	
3	439	ΧΙΙ	2082	2110	29	
3	440	ΧΙΙ	2111	2138	28	
3	441	ΧΙΙ	2139	2168	30	
3	442	ΧΙΙ	2169	2198	30	
3	443	ΧΙΙ	2199	2228	30	
3	444	ΧΙΙ	2229	2258	30	
3	445	ΧΙΙ	2259	2287	29	
3	446	ΧΙΙ	2288	2315	28	
3	447	ΧΙΙ	2316	2340	25	
3	448	ΧΙΙ	2341	2361	21	
3	449	ΧΙΙ	2362	2384	23	
3	450	ΧΙΙ	2385	2407	23	
3	451	ΧΙΙ	2408	2432	25	
3	452	ΧΙΙ	2433	2461	29	
3	453	ΧΙΙ	2462	2491	30	
3	454	ΧΙΙ	2492	2520	29	
3	455	ΧΙΙ	2521	2549	29	
3	456	ΧΙΙ	2550	2579	30	
3	457	ΧΙΙ	2580	2607	28	
3	458	ΧΙΙ	2608	2637	30	
3	459	ΧΙΙ	2638	2667	30	
3	460	ΧΙΙ	2668	2697	30	
3	461	ΧΙΙ	2698	2724	27	
3	462	ΧΙΙ	2725	2753	29	
3	463	ΧΙΙ	2754	2781	28	
3	464	ΧΙΙ	2782	2800	19	
3	465	ΧΙΙ	2801	2827	27	
3	466	ΧΙΙ	2828	2856	29	
3	467	ΧΙΙ	2857	2884	28	
3	468	ΧΙΙ	2885	2913	29	
3	469	ΧΙΙ	2914	2942	29	
3	470	ΧΙΙ	2943	2971	29	
3	471	ΧΙΙ	2972	3000	29	
3	472	ΧΙΙ	3001	3029	29	
3	473	ΧΙΙ	3030	3058	29	
3	474	ΧΙΙ	3059	3088	30	
3	475	ΧΙΙ	3089	3118	30	
3	476	ΧΙΙ	3119	3147	29	
3	477	ΧΙΙ	3148	3177	30	
3	478	ΧΙΙ	3178	3205	28	
3	479	ΧΙΙ	3206	3234	29	
3	480	ΧΙΙ	3235	3263	29	
3	481	ΧΙΙ	3264	3293	30	
3	482	ΧΙΙ	3294	3322	29	
3	483	ΧΙΙ	3323	3351	29	
3	484	ΧΙΙ	3352	3380	29	
3	485	ΧΙΙ	3381	3409	29	
3	486	ΧΙΙ	3410	3435	26	
3	487	ΧΙΙ	3436	3464	29	
3	488	ΧΙΙ	3465	3493	29	
3	489	ΧΙΙ	3494	3522	29	
3	490	ΧΙΙ	3523	3550	28	
3	491	ΧΙΙ	3551	3579	29	
3	492	ΧΙΙ	3580	3608	29	
3	493	ΧΙΙ	3609	3636	28	
3	494	ΧΙΙ	3637	3665	29	
3	495	ΧΙΙ	3666	3693	28	
3	496	ΧΙΙ	3694	3723	30	
3	497	ΧΙΙ	3724	3751	28	
3	498	ΧΙΙ	3752	3776	25	page missed in the scan
3	499	ΧΙΙ	3777	3805	29	page missed in the scan
3	500	ΧΙΙ	3806	3834	29	
3	501	ΧΙΙ	3835	3860	26	
3	502	ΧΙΙ	3861	3889	29	
3	503	ΧΙΙ	3890	3918	29	
3	504	ΧΙΙ	3919	3947	29	
3	505	ΧΙΙ	3948	3976	29	
3	506	ΧΙΙ	3977	4005	29	
3	507	ΧΙΙ	4006	4031	26	
3	508	ΧΙΙ	4032	4059	28	
3	509	ΧΙΙ	4060	4088	29	
3	510	ΧΙΙ	4089	4118	30	
3	511	ΧΙΙ	4119	4148	30	
3	512	ΧΙΙ	4149	4176	28	
3	513	ΧΙΙ	4177	4205	29	
3	514	ΧΙΙ	4206	4230	25	
3	515	ΧΙΙ	4231	4259	29	
3	516	ΧΙΙ	4260	4288	29	
3	517	ΧΙΙ	4289	4317	29	
3	518	ΧΙΙ	4318	4346	29	
3	519	ΧΙΙ	4347	4375	29	
3	520	ΧΙΙ	4376	4396	21	
3	521	ΧΙΙ	4397	4420	24	
3	522	ΧΙΙ	4421	4450	30	
3	523	ΧΙΙ	4451	4479	29	
3	524	ΧΙΙ	4480	4509	30	
3	525	ΧΙΙ	4510	4537	28	
3	526	ΧΙΙ	4538	4566	29	
3	527	ΧΙΙ	4567	4596	30	
3	528	ΧΙΙ	4597	4625	29	
3	529	ΧΙΙ	4626	4654	29	
3	530	ΧΙΙ	4655	4683	29	
3	531	ΧΙΙ	4684	4712	29	
3	532	ΧΙΙ	4713	4740	28	
3	533	ΧΙΙ	4741	4770	30	
3	534	ΧΙΙ	4771	4795	25	
3	535	ΧΙΙ	4796	4824	29	
3	536	ΧΙΙ	4825	4852	28	
3	537	ΧΙΙ	4853	4880	28	
3	538	ΧΙΙ	4881	4909	29	
3	539	ΧΙΙ	4910	4938	29	
3	540	ΧΙΙ	4939	4968	30	
3	541	ΧΙΙ	4969	4998	30	
3	542	ΧΙΙ	4999	5028	30	
3	543	ΧΙΙ	5029	5058	30	
3	544	ΧΙΙ	5059	5088	30	
3	545	ΧΙΙ	5089	5118	30	
3	546	ΧΙΙ	5119	5147	29	
3	547	ΧΙΙ	5148	5176	29	
3	548	ΧΙΙ	5177	5206	30	
3	549	ΧΙΙ	5207	5236	30	
3	550	ΧΙΙ	5237	5265	29	
3	551	ΧΙΙ	5266	5295	30	
3	552	ΧΙΙ	5296	5323	28	
3	553	ΧΙΙ	5324	5353	30	
3	554	ΧΙΙ	5354	5383	30	
3	555	ΧΙΙ	5384	5403	20	
3	556	ΧΙΙ	5404	5426	23	
3	557	ΧΙΙ	5427	5455	29	
3	558	ΧΙΙ	5456	5484	29	
3	559	ΧΙΙ	5485	5512	28	
3	560	ΧΙΙ	5513	5541	29	
3	561	ΧΙΙ	5542	5569	28	
3	562	ΧΙΙ	5570	5597	28	
3	563	ΧΙΙ	5598	5626	29	
3	564	ΧΙΙ	5627	5655	29	
3	565	ΧΙΙ	5656	5680	25	
3	566	ΧΙΙ	5681	5710	30	
3	567	ΧΙΙ	5711	5740	30	
3	568	ΧΙΙ	5741	5770	30	
3	569	ΧΙΙ	5771	5799	29	
3	570	ΧΙΙ	5800	5825	26	
3	571	ΧΙΙ	5826	5855	30	
3	572	ΧΙΙ	5856	5883	28	
3	573	ΧΙΙ	5884	5912	29	
3	574	ΧΙΙ	5913	5941	29	
3	575	ΧΙΙ	5942	5969	28	
3	576	ΧΙΙ	5970	5999	30	
3	577	ΧΙΙ	6000	6027	28	
3	578	ΧΙΙ	6028	6056	29	
3	579	ΧΙΙ	6057	6083	27	
3	580	ΧΙΙ	6084	6114	31	
3	581	ΧΙΙ	6115	6143	29	
3	582	ΧΙΙ	6144	6173	30	
3	583	ΧΙΙ	6174	6203	30	
3	584	ΧΙΙ	6204	6232	29	
3	585	ΧΙΙ	6233	6256	24	
3	586	ΧΙΙ	6257	6280	24	
3	587	ΧΙΙ	6281	6310	30	
3	588	ΧΙΙ	6311	6339	29	
3	589	ΧΙΙ	6340	6367	28	
3	590	ΧΙΙ	6368	6397	30	
3	591	ΧΙΙ	6398	6426	29	
3	592	ΧΙΙ	6427	6455	29	
3	593	ΧΙΙ	6456	6481	26	
3	594	ΧΙΙ	6482	6511	30	
3	595	ΧΙΙ	6512	6538	27	
3	596	ΧΙΙ	6539	6565	27	
3	597	ΧΙΙ	6566	6594	29	
3	598	ΧΙΙ	6595	6624	30	
3	599	ΧΙΙ	6625	6652	28	
3	600	ΧΙΙ	6653	6680	28	
3	601	ΧΙΙ	6681	6704	24	
3	602	ΧΙΙ	6705	6734	30	
3	603	ΧΙΙ	6735	6763	29	
3	604	ΧΙΙ	6764	6792	29	
3	605	ΧΙΙ	6793	6820	28	
3	606	ΧΙΙ	6821	6850	30	
3	607	ΧΙΙ	6851	6878	28	
3	608	ΧΙΙ	6879	6905	27	
3	609	ΧΙΙ	6906	6933	28	
3	610	ΧΙΙ	6934	6962	29	
3	611	ΧΙΙ	6963	6981	19	
3	612	ΧΙΙ	6982	7000	19	
3	613	ΧΙΙ	7001	7020	20	
3	614	ΧΙΙ	7021	7049	29	
3	615	ΧΙΙ	7050	7078	29	
3	616	ΧΙΙ	7079	7108	30	
3	617	ΧΙΙ	7109	7136	28	
3	618	ΧΙΙ	7137	7165	29	
3	619	ΧΙΙ	7166	7193	28	
3	620	ΧΙΙ	7194	7222	29	
3	621	ΧΙΙ	7223	7251	29	
3	622	ΧΙΙ	7252	7280	29	
3	623	ΧΙΙ	7281	7311	31	
3	624	ΧΙΙ	7312	7340	29	
3	625	ΧΙΙ	7341	7369	29	
3	626	ΧΙΙ	7370	7394	25	
3	627	ΧΙΙ	7395	7417	23	
3	628	ΧΙΙ	7418	7445	28	
3	629	ΧΙΙ	7446	7474	29	
3	630	ΧΙΙ	7475	7503	29	
3	631	ΧΙΙ	7504	7530	27	
3	632	ΧΙΙ	7531	7560	30	
3	633	ΧΙΙ	7561	7589	29	
3	634	ΧΙΙ	7590	7618	29	
3	635	ΧΙΙ	7619	7646	28	
3	636	ΧΙΙ	7647	7675	29	
3	637	ΧΙΙ	7676	7704	29	
3	638	ΧΙΙ	7705	7732	28	
3	639	ΧΙΙ	7733	7761	29	
3	640	ΧΙΙ	7762	7790	29	
3	641	ΧΙΙ	7791	7819	29	
3	642	ΧΙΙ	7820	7847	28	
3	643	ΧΙΙ	7848	7877	30	
3	644	ΧΙΙ	7878	7906	29	
3	645	ΧΙΙ	7907	7935	29	
3	646	ΧΙΙ	7936	7965	30	
3	647	ΧΙΙ	7966	7992	27	
3	648	ΧΙΙ	7993	8020	28	
3	649	ΧΙΙ	8021	8050	30	
3	650	ΧΙΙ	8051	8079	29	
3	651	ΧΙΙ	8080	8108	29	
3	652	ΧΙΙ	8109	8138	30	
3	653	ΧΙΙ	8139	8167	29	
3	654	ΧΙΙ	8168	8195	28	
3	655	ΧΙΙ	8196	8221	26	
3	656	ΧΙΙ	8222	8251	30	
3	657	ΧΙΙ	8252	8281	30	
3	658	ΧΙΙ	8282	8311	30	
3	659	ΧΙΙ	8312	8339	28	
3	660	ΧΙΙ	8340	8369	30	
3	661	ΧΙΙ	8370	8399	30	
3	662	ΧΙΙ	8400	8427	28	
3	663	ΧΙΙ	8428	8454	27	
3	664	ΧΙΙ	8455	8483	29	
3	665	ΧΙΙ	8484	8510	27	
3	666	ΧΙΙ	8511	8540	30	
3	667	ΧΙΙ	8541	8570	30	
3	668	ΧΙΙ	8571	8599	29	
3	669	ΧΙΙ	8600	8628	29	
3	670	ΧΙΙ	8629	8656	28	
3	671	ΧΙΙ	8657	8686	30	
3	672	ΧΙΙ	8687	8714	28	
3	673	ΧΙΙ	8715	8743	29	
3	674	ΧΙΙ	8744	8772	29	
3	675	ΧΙΙ	8773	8802	30	
3	676	ΧΙΙ	8803	8829	27	
3	677	ΧΙΙ	8830	8858	29	
3	678	ΧΙΙ	8859	8887	29	
3	679	ΧΙΙ	8888	8916	29	
3	680	ΧΙΙ	8917	8944	28	
3	681	ΧΙΙ	8945	8968	24	
3	682	ΧΙΙ	8969	8997	29	
3	683	ΧΙΙ	8998	9025	28	
3	684	ΧΙΙ	9026	9053	28	
3	685	ΧΙΙ	9054	9080	27	
3	686	ΧΙΙ	9081	9107	27	
3	687	ΧΙΙ	9108	9135	28	
3	688	ΧΙΙ	9136	9163	28	
3	689	ΧΙΙ	9164	9191	28	
3	690	ΧΙΙ	9192	9220	29	
3	691	ΧΙΙ	9221	9242	22	
3	692	ΧΙΙ	9243	9271	29	
3	693	ΧΙΙ	9272	9299	28	
3	694	ΧΙΙ	9300	9338	39	
3	695	ΧΙΙ	9339	9368	30	
3	696	ΧΙΙ	9369	9397	29	
3	697	ΧΙΙ	9398	9427	30	
3	698	ΧΙΙ	9428	9455	28	
3	699	ΧΙΙ	9456	9483	28	
3	700	ΧΙΙ	9484	9513	30	
3	701	ΧΙΙ	9514	9543	30	
3	702	ΧΙΙ	9544	9572	29	
3	703	ΧΙΙ	9573	9601	29	
3	704	ΧΙΙ	9602	9631	30	
3	705	ΧΙΙ	9632	9659	28	
3	706	ΧΙΙ	9660	9688	29	
3	707	ΧΙΙ	9689	9717	29	
3	708	ΧΙΙ	9718	9747	30	
3	709	ΧΙΙ	9748	9776	29	
3	710	ΧΙΙ	9777	9806	30	
3	711	ΧΙΙ	9807	9834	28	
3	712	ΧΙΙ	9835	9863	29	
3	713	ΧΙΙ	9864	9892	29	
3	714	ΧΙΙ	9893	9921	29	
3	715	ΧΙΙ	9922	9948	27	
3	716	ΧΙΙ	9949	9975	27	
3	717	ΧΙΙ	9976	10003	28	
3	718	ΧΙΙ	10004	10032	29	
3	719	ΧΙΙ	10033	10059	27	
3	720	ΧΙΙ	10060	10080	21	
3	721	ΧΙΙ	10081	10107	27	
3	722	ΧΙΙ	10108	10137	30	
3	723	ΧΙΙ	10138	10166	29	
3	724	ΧΙΙ	10167	10196	30	
3	725	ΧΙΙ	10197	10225	29	
3	726	ΧΙΙ	10226	10255	30	
3	727	ΧΙΙ	10256	10283	28	
3	728	ΧΙΙ	10284	10311	28	
3	729	ΧΙΙ	10312	10341	30	
3	730	ΧΙΙ	10342	10370	29	
3	731	ΧΙΙ	10371	10400	30	
3	732	ΧΙΙ	10401	10430	30	
3	733	ΧΙΙ	10431	10459	29	
3	734	ΧΙΙ	10460	10489	30	
3	735	ΧΙΙ	10490	10518	29	
3	736	ΧΙΙ	10519	10543	25	
3	737	ΧΙΙ	10544	10570	27	
3	738	ΧΙΙ	10571	10600	30	
3	739	ΧΙΙ	10601	10629	29	
3	740	ΧΙΙ	10630	10658	29	
3	741	ΧΙΙ	10659	10688	30	
3	742	ΧΙΙ	10689	10717	29	
3	743	ΧΙΙ	10718	10744	27	
3	744	ΧΙΙ	10745	10769	25	
3	745	ΧΙΙ	10770	10798	29	
3	746	ΧΙΙ	10799	10827	29	
3	747	ΧΙΙ	10828	10857	30	
3	748	ΧΙΙ	10858	10886	29	
3	749	ΧΙΙ	10887	10912	26	
3	750	ΧΙΙ	10913	10940	28	
3	751	ΧΙΙ	10941	10961	21	
3	752	ΧΙΙ	10962	10993	32	
3	753	ΧΙΙ	10994	11016	23	
3	754	ΧΙΙ	11017	11040	24	
3	755	ΧΙΙ	11041	11070	30	
3	756	ΧΙΙ	11071	11097	27	
3	757	ΧΙΙ	11098	11127	30	
3	758	ΧΙΙ	11128	11157	30	
3	759	ΧΙΙ	11158	11187	30	
3	760	ΧΙΙ	11188	11211	24	
3	761	ΧΙΙ	11212	11240	29	
3	762	ΧΙΙ	11241	11269	29	
3	763	ΧΙΙ	11270	11299	30	
3	764	ΧΙΙ	11300	11327	28	
3	765	ΧΙΙ	11328	11357	30	
3	766	ΧΙΙ	11358	11386	29	
3	767	ΧΙΙ	11387	11416	30	
3	768	ΧΙΙ	11417	11445	29	
3	769	ΧΙΙ	11446	11474	29	
3	770	ΧΙΙ	11475	11501	27	
3	771	ΧΙΙ	11502	11528	27	
3	772	ΧΙΙ	11529	11557	29	
3	773	ΧΙΙ	11558	11586	29	
3	774	ΧΙΙ	11587	11614	28	
3	775	ΧΙΙ	11615	11643	29	
3	776	ΧΙΙ	11644	11672	29	
3	777	ΧΙΙ	11673	11700	28	
3	778	ΧΙΙ	11701	11728	28	
3	779	ΧΙΙ	11729	11758	30	
3	780	ΧΙΙ	11759	11788	30	
3	781	ΧΙΙ	11789	11813	25	
3	782	ΧΙΙ	11814	11836	23	
3	783	ΧΙΙ	11837	11865	29	
3	784	ΧΙΙ	11866	11895	30	
3	785	ΧΙΙ	11896	11925	30	
3	786	ΧΙΙ	11926	11955	30	
3	787	ΧΙΙ	11956	11985	30	
3	788	ΧΙΙ	11986	12015	30	
3	789	ΧΙΙ	12016	12044	29	
3	790	ΧΙΙ	12045	12070	26	
3	791	ΧΙΙ	12071	12096	26	
3	792	ΧΙΙ	12097	12123	27	
3	793	ΧΙΙ	12124	12151	28	
3	794	ΧΙΙ	12152	12180	29	
3	795	ΧΙΙ	12181	12209	29	
3	796	ΧΙΙ	12210	12238	29	
3	797	ΧΙΙ	12239	12267	29	
3	798	ΧΙΙ	12268	12297	30	
3	799	ΧΙΙ	12298	12326	29	
3	800	ΧΙΙ	12327	12356	30	
3	801	ΧΙΙ	12357	12385	29	
3	802	ΧΙΙ	12386	12415	30	
3	803	ΧΙΙ	12416	12444	29	
3	804	ΧΙΙ	12445	12474	30	
3	805	ΧΙΙ	12475	12503	29	
3	806	ΧΙΙ	12504	12532	29	
3	807	ΧΙΙ	12533	12562	30	
3	808	ΧΙΙ	12563	12590	28	
3	809	ΧΙΙ	12591	12618	28	
3	810	ΧΙΙ	12619	12647	29	
3	811	ΧΙΙ	12648	12675	28	
3	812	ΧΙΙ	12676	12702	27	
3	813	ΧΙΙ	12703	12730	28	
3	814	ΧΙΙ	12731	12759	29	
3	815	ΧΙΙ	12760	12789	30	
3	816	ΧΙΙ	12790	12818	29	
3	817	ΧΙΙ	12819	12848	30	
3	818	ΧΙΙ	12849	12863	15	
3	819	ΧΙΙ	12864	12889	26	
3	820	ΧΙΙ	12890	12919	30	
3	821	ΧΙΙ	12920	12949	30	
3	822	ΧΙΙ	12950	12978	29	
3	823	ΧΙΙ	12979	13007	29	
3	824	ΧΙΙ	13008	13037	30	
3	825	ΧΙΙ	13038	13067	30	
3	826	ΧΙΙ	13068	13097	30	
3	827	ΧΙΙ	13098	13126	29	
3	828	ΧΙΙ	13127	13155	29	
3	829	ΧΙΙ	13156	13185	30	
3	830	ΧΙΙ	13186	13204	19	
3	831	ΧΙΙ	13205	13212	8	
3	832	ΧΙΙ	13213	13216	4	
3	833	ΧΙΙ	13217	13225	9	
3	834	ΧΙΙ	13226	13254	29	
3	835	ΧΙΙ	13255	13284	30	
3	836	ΧΙΙ	13285	13313	29	
3	837	ΧΙΙ	13314	13343	30	
3	838	ΧΙΙ	13344	13371	28	
3	839	ΧΙΙ	13372	13400	29	
3	840	ΧΙΙ	13401	13429	29	
3	841	ΧΙΙ	13430	13454	25	
3	842	ΧΙΙ	13455	13484	30	
3	843	ΧΙΙ	13485	13514	30	
3	844	ΧΙΙ	13515	13544	30	
3	845	ΧΙΙ	13545	13571	27	
3	846	ΧΙΙ	13572	13601	30	
3	847	ΧΙΙ	13602	13631	30	
3	848	ΧΙΙ	13632	13659	28	
3	849	ΧΙΙ	13660	13689	30	
3	850	ΧΙΙ	13690	13717	28	
3	851	ΧΙΙ	13718	13746	29	
3	852	ΧΙΙ	13747	13772	26	
3	853	ΧΙΙ	13773	13799	27	
3	854	ΧΙΙ	13800	13826	27	
3	855	ΧΙΙ	13827	13854	28	
3	856	ΧΙΙ	13855	13882	28	
3	857	ΧΙΙ	13883	13909	27	
3	858	ΧΙΙ	13910	13936	27	
3	859	ΧΙΙ	13937	13943	7	
4	1	ΧΙΙΙ	1	20	20	
4	2	ΧΙΙΙ	21	43	23	
4	3	ΧΙΙΙ	44	73	30	
4	4	ΧΙΙΙ	74	102	29	
4	5	ΧΙΙΙ	103	132	30	
4	6	ΧΙΙΙ	133	162	30	
4	7	ΧΙΙΙ	163	191	29	
4	8	ΧΙΙΙ	192	220	29	
4	9	ΧΙΙΙ	221	250	30	
4	10	ΧΙΙΙ	251	279	29	
4	11	ΧΙΙΙ	280	308	29	
4	12	ΧΙΙΙ	309	338	30	
4	13	ΧΙΙΙ	339	364	26	
4	14	ΧΙΙΙ	365	392	28	
4	15	ΧΙΙΙ	393	421	29	
4	16	ΧΙΙΙ	422	450	29	
4	17	ΧΙΙΙ	451	480	30	
4	18	ΧΙΙΙ	481	509	29	
4	19	ΧΙΙΙ	510	537	28	
4	20	ΧΙΙΙ	538	567	30	
4	21	ΧΙΙΙ	568	595	28	
4	22	ΧΙΙΙ	596	625	30	
4	23	ΧΙΙΙ	626	651	26	
4	24	ΧΙΙΙ	652	681	30	
4	25	ΧΙΙΙ	682	711	30	
4	26	ΧΙΙΙ	712	741	30	
4	27	ΧΙΙΙ	742	771	30	
4	28	ΧΙΙΙ	772	799	28	
4	29	ΧΙΙΙ	800	828	29	
4	30	ΧΙΙΙ	829	857	29	
4	31	ΧΙΙΙ	858	887	30	
4	32	ΧΙΙΙ	888	917	30	
4	33	ΧΙΙΙ	918	947	30	
4	34	ΧΙΙΙ	948	977	30	
4	35	ΧΙΙΙ	978	1006	29	
4	36	ΧΙΙΙ	1007	1032	26	
4	37	ΧΙΙΙ	1033	1061	29	
4	38	ΧΙΙΙ	1062	1091	30	
4	39	ΧΙΙΙ	1092	1120	29	
4	40	ΧΙΙΙ	1121	1150	30	
4	41	ΧΙΙΙ	1151	1180	30	
4	42	ΧΙΙΙ	1181	1210	30	
4	43	ΧΙΙΙ	1211	1240	30	
4	44	ΧΙΙΙ	1241	1270	30	
4	45	ΧΙΙΙ	1271	1299	29	
4	46	ΧΙΙΙ	1300	1329	30	
4	47	ΧΙΙΙ	1330	1359	30	
4	48	ΧΙΙΙ	1360	1381	22	
4	49	ΧΙΙΙ	1382	1411	30	
4	50	ΧΙΙΙ	1412	1441	30	
4	51	ΧΙΙΙ	1442	1471	30	
4	52	ΧΙΙΙ	1472	1500	29	
4	53	ΧΙΙΙ	1501	1529	29	
4	54	ΧΙΙΙ	1530	1556	27	
4	55	ΧΙΙΙ	1557	1585	29	
4	56	ΧΙΙΙ	1586	1615	30	
4	57	ΧΙΙΙ	1616	1644	29	
4	58	ΧΙΙΙ	1645	1673	29	
4	59	ΧΙΙΙ	1674	1701	28	
4	60	ΧΙΙΙ	1702	1731	30	
4	61	ΧΙΙΙ	1732	1760	29	
4	62	ΧΙΙΙ	1761	1790	30	
4	63	ΧΙΙΙ	1791	1820	30	
4	64	ΧΙΙΙ	1821	1847	27	
4	65	ΧΙΙΙ	1848	1870	23	
4	66	ΧΙΙΙ	1871	1899	29	
4	67	ΧΙΙΙ	1900	1928	29	
4	68	ΧΙΙΙ	1929	1957	29	
4	69	ΧΙΙΙ	1958	1987	30	
4	70	ΧΙΙΙ	1988	2016	29	
4	71	ΧΙΙΙ	2017	2045	29	
4	72	ΧΙΙΙ	2046	2075	30	
4	73	ΧΙΙΙ	2076	2103	28	
4	74	ΧΙΙΙ	2104	2132	29	
4	75	ΧΙΙΙ	2133	2161	29	
4	76	ΧΙΙΙ	2162	2188	27	
4	77	ΧΙΙΙ	2189	2216	28	
4	78	ΧΙΙΙ	2217	2244	28	
4	79	ΧΙΙΙ	2245	2273	29	
4	80	ΧΙΙΙ	2274	2302	29	
4	81	ΧΙΙΙ	2303	2332	30	
4	82	ΧΙΙΙ	2333	2361	29	
4	83	ΧΙΙΙ	2362	2390	29	
4	84	ΧΙΙΙ	2391	2419	29	
4	85	ΧΙΙΙ	2420	2449	30	
4	86	ΧΙΙΙ	2450	2478	29	
4	87	ΧΙΙΙ	2479	2506	28	
4	88	ΧΙΙΙ	2507	2536	30	
4	89	ΧΙΙΙ	2537	2565	29	
4	90	ΧΙΙΙ	2566	2593	28	
4	91	ΧΙΙΙ	2594	2619	26	
4	92	ΧΙΙΙ	2620	2649	30	
4	93	ΧΙΙΙ	2650	2678	29	
4	94	ΧΙΙΙ	2679	2708	30	
4	95	ΧΙΙΙ	2709	2737	29	
4	96	ΧΙΙΙ	2738	2766	29	
4	97	ΧΙΙΙ	2767	2796	30	
4	98	ΧΙΙΙ	2797	2824	28	
4	99	ΧΙΙΙ	2825	2854	30	
4	100	ΧΙΙΙ	2855	2883	29	
4	101	ΧΙΙΙ	2884	2912	29	
4	102	ΧΙΙΙ	2913	2941	29	
4	103	ΧΙΙΙ	2942	2970	29	
4	104	ΧΙΙΙ	2971	3000	30	
4	105	ΧΙΙΙ	3001	3029	29	
4	106	ΧΙΙΙ	3030	3057	28	
4	107	ΧΙΙΙ	3058	3086	29	
4	108	ΧΙΙΙ	3087	3115	29	
4	109	ΧΙΙΙ	3116	3145	30	
4	110	ΧΙΙΙ	3146	3175	30	
4	111	ΧΙΙΙ	3176	3204	29	
4	112	ΧΙΙΙ	3205	3234	30	
4	113	ΧΙΙΙ	3235	3263	29	
4	114	ΧΙΙΙ	3264	3292	29	
4	115	ΧΙΙΙ	3293	3321	29	
4	116	ΧΙΙΙ	3322	3351	30	
4	117	ΧΙΙΙ	3352	3380	29	
4	118	ΧΙΙΙ	3381	3409	29	
4	119	ΧΙΙΙ	3410	3438	29	
4	120	ΧΙΙΙ	3439	3463	25	
4	121	ΧΙΙΙ	3464	3492	29	
4	122	ΧΙΙΙ	3493	3515	23	
4	123	ΧΙΙΙ	3516	3537	22	
4	124	ΧΙΙΙ	3538	3564	27	
4	125	ΧΙΙΙ	3565	3592	28	
4	126	ΧΙΙΙ	3593	3619	27	
4	127	ΧΙΙΙ	3620	3648	29	
4	128	ΧΙΙΙ	3649	3675	27	
4	129	ΧΙΙΙ	3676	3700	25	
4	130	ΧΙΙΙ	3701	3727	27	
4	131	ΧΙΙΙ	3728	3754	27	
4	132	ΧΙΙΙ	3755	3783	29	
4	133	ΧΙΙΙ	3784	3808	25	
4	134	ΧΙΙΙ	3809	3838	30	
4	135	ΧΙΙΙ	3839	3867	29	
4	136	ΧΙΙΙ	3868	3896	29	
4	137	ΧΙΙΙ	3897	3926	30	
4	138	ΧΙΙΙ	3927	3955	29	
4	139	ΧΙΙΙ	3956	3985	30	
4	140	ΧΙΙΙ	3986	4014	29	
4	141	ΧΙΙΙ	4015	4044	30	
4	142	ΧΙΙΙ	4045	4074	30	
4	143	ΧΙΙΙ	4075	4104	30	
4	144	ΧΙΙΙ	4105	4134	30	
4	145	ΧΙΙΙ	4135	4164	30	
4	146	ΧΙΙΙ	4165	4193	29	
4	147	ΧΙΙΙ	4194	4222	29	
4	148	ΧΙΙΙ	4223	4251	29	
4	149	ΧΙΙΙ	4252	4279	28	
4	150	ΧΙΙΙ	4280	4309	30	
4	151	ΧΙΙΙ	4310	4337	28	
4	152	ΧΙΙΙ	4338	4367	30	
4	153	ΧΙΙΙ	4368	4395	28	
4	154	ΧΙΙΙ	4396	4425	30	
4	155	ΧΙΙΙ	4426	4453	28	
4	156	ΧΙΙΙ	4454	4483	30	
4	157	ΧΙΙΙ	4484	4513	30	
4	158	ΧΙΙΙ	4514	4542	29	
4	159	ΧΙΙΙ	4543	4567	25	
4	160	ΧΙΙΙ	4568	4595	28	
4	161	ΧΙΙΙ	4596	4624	29	
4	162	ΧΙΙΙ	4625	4652	28	
4	163	ΧΙΙΙ	4653	4681	29	
4	164	ΧΙΙΙ	4682	4711	30	
4	165	ΧΙΙΙ	4712	4741	30	
4	166	ΧΙΙΙ	4742	4770	29	
4	167	ΧΙΙΙ	4771	4799	29	
4	168	ΧΙΙΙ	4800	4828	29	
4	169	ΧΙΙΙ	4829	4854	26	
4	170	ΧΙΙΙ	4855	4870	16	
4	171	ΧΙΙΙ	4871	4887	17	
4	172	ΧΙΙΙ	4888	4910	23	
4	173	ΧΙΙΙ	4911	4939	29	
4	174	ΧΙΙΙ	4940	4968	29	
4	175	ΧΙΙΙ	4969	4998	30	
4	176	ΧΙΙΙ	4999	5028	30	
4	177	ΧΙΙΙ	5029	5058	30	
4	178	ΧΙΙΙ	5059	5088	30	
4	179	ΧΙΙΙ	5089	5117	29	
4	180	ΧΙΙΙ	5118	5146	29	
4	181	ΧΙΙΙ	5147	5176	30	
4	182	ΧΙΙΙ	5177	5204	28	
4	183	ΧΙΙΙ	5205	5234	30	
4	184	ΧΙΙΙ	5235	5264	30	
4	185	ΧΙΙΙ	5265	5294	30	
4	186	ΧΙΙΙ	5295	5324	30	
4	187	ΧΙΙΙ	5325	5353	29	
4	188	ΧΙΙΙ	5354	5382	29	
4	189	ΧΙΙΙ	5383	5410	28	
4	190	ΧΙΙΙ	5411	5440	30	
4	191	ΧΙΙΙ	5441	5470	30	
4	192	ΧΙΙΙ	5471	5500	30	
4	193	ΧΙΙΙ	5501	5530	30	
4	194	ΧΙΙΙ	5531	5559	29	
4	195	ΧΙΙΙ	5560	5587	28	
4	196	ΧΙΙΙ	5588	5616	29	
4	197	ΧΙΙΙ	5617	5646	30	
4	198	ΧΙΙΙ	5647	5676	30	
4	199	ΧΙΙΙ	5677	5705	29	
4	200	ΧΙΙΙ	5706	5734	29	
4	201	ΧΙΙΙ	5735	5763	29	
4	202	ΧΙΙΙ	5764	5790	27	
4	203	ΧΙΙΙ	5791	5819	29	
4	204	ΧΙΙΙ	5820	5847	28	
4	205	ΧΙΙΙ	5848	5876	29	
4	206	ΧΙΙΙ	5877	5905	29	
4	207	ΧΙΙΙ	5906	5934	29	
4	208	ΧΙΙΙ	5935	5964	30	
4	209	ΧΙΙΙ	5965	5994	30	
4	210	ΧΙΙΙ	5995	6023	29	
4	211	ΧΙΙΙ	6024	6052	29	
4	212	ΧΙΙΙ	6053	6080	28	
4	213	ΧΙΙΙ	6081	6108	28	
4	214	ΧΙΙΙ	6109	6138	30	
4	215	ΧΙΙΙ	6139	6166	28	
4	216	ΧΙΙΙ	6167	6194	28	
4	217	ΧΙΙΙ	6195	6221	27	
4	218	ΧΙΙΙ	6222	6250	29	
4	219	ΧΙΙΙ	6251	6279	29	
4	220	ΧΙΙΙ	6280	6308	29	
4	221	ΧΙΙΙ	6309	6337	29	
4	222	ΧΙΙΙ	6338	6367	30	
4	223	ΧΙΙΙ	6368	6396	29	
4	224	ΧΙΙΙ	6397	6426	30	
4	225	ΧΙΙΙ	6427	6456	30	
4	226	ΧΙΙΙ	6457	6486	30	
4	227	ΧΙΙΙ	6487	6515	29	
4	228	ΧΙΙΙ	6516	6545	30	
4	229	ΧΙΙΙ	6546	6574	29	
4	230	ΧΙΙΙ	6575	6604	30	
4	231	ΧΙΙΙ	6605	6632	28	
4	232	ΧΙΙΙ	6633	6662	30	
4	233	ΧΙΙΙ	6663	6691	29	
4	234	ΧΙΙΙ	6692	6721	30	
4	235	ΧΙΙΙ	6722	6750	29	
4	236	ΧΙΙΙ	6751	6780	30	
4	237	ΧΙΙΙ	6781	6808	28	
4	238	ΧΙΙΙ	6809	6837	29	
4	239	ΧΙΙΙ	6838	6867	30	
4	240	ΧΙΙΙ	6868	6896	29	
4	241	ΧΙΙΙ	6897	6926	30	
4	242	ΧΙΙΙ	6927	6955	29	
4	243	ΧΙΙΙ	6956	6985	30	
4	244	ΧΙΙΙ	6986	7015	30	
4	245	ΧΙΙΙ	7016	7045	30	
4	246	ΧΙΙΙ	7046	7075	30	
4	247	ΧΙΙΙ	7076	7104	29	
4	248	ΧΙΙΙ	7105	7134	30	
4	249	ΧΙΙΙ	7135	7161	27	
4	250	ΧΙΙΙ	7162	7190	29	
4	251	ΧΙΙΙ	7191	7219	29	
4	252	ΧΙΙΙ	7220	7248	29	
4	253	ΧΙΙΙ	7249	7277	29	
4	254	ΧΙΙΙ	7278	7306	29	
4	255	ΧΙΙΙ	7307	7335	29	
4	256	ΧΙΙΙ	7336	7362	27	
4	257	ΧΙΙΙ	7363	7385	23	
4	258	ΧΙΙΙ	7386	7410	25	
4	259	ΧΙΙΙ	7411	7440	30	
4	260	ΧΙΙΙ	7441	7468	28	
4	261	ΧΙΙΙ	7469	7498	30	
4	262	ΧΙΙΙ	7499	7527	29	
4	263	ΧΙΙΙ	7528	7556	29	
4	264	ΧΙΙΙ	7557	7586	30	
4	265	ΧΙΙΙ	7587	7614	28	
4	266	ΧΙΙΙ	7615	7643	29	
4	267	ΧΙΙΙ	7644	7673	30	
4	268	ΧΙΙΙ	7674	7702	29	
4	269	ΧΙΙΙ	7703	7727	25	
4	270	ΧΙΙΙ	7728	7757	30	
4	271	ΧΙΙΙ	7758	7786	29	
4	272	ΧΙΙΙ	7787	7796	10	
4	273	ΧΙV	1	20	20	
4	274	ΧΙV	21	49	29	
4	275	ΧΙV	50	78	29	
4	276	ΧΙV	79	107	29	
4	277	ΧΙV	108	136	29	
4	278	ΧΙV	137	164	28	
4	279	ΧΙV	165	193	29	
4	280	ΧΙV	194	219	26	
4	281	ΧΙV	220	238	19	
4	282	ΧΙV	239	259	21	
4	283	ΧΙV	260	278	19	
4	284	ΧΙV	279	299	21	
4	285	ΧΙV	300	328	29	
4	286	ΧΙV	329	355	27	
4	287	ΧΙV	356	384	29	
4	288	ΧΙV	385	410	26	
4	289	ΧΙV	411	440	30	
4	290	ΧΙV	441	474	34	
4	291	ΧΙV	475	498	24	
4	292	ΧΙV	499	528	30	
4	293	ΧΙV	529	557	29	
4	294	ΧΙV	558	587	30	
4	295	ΧΙV	588	616	29	
4	296	ΧΙV	617	645	29	
4	297	ΧΙV	646	673	28	
4	298	ΧΙV	674	699	26	
4	299	ΧΙV	700	727	28	
4	300	ΧΙV	728	755	28	
4	301	ΧΙV	756	783	28	
4	302	ΧΙV	784	809	26	
4	303	ΧΙV	810	837	28	
4	304	ΧΙV	838	865	28	
4	305	ΧΙV	866	891	26	
4	306	ΧΙV	892	918	27	
4	307	ΧΙV	919	946	28	
4	308	ΧΙV	947	976	30	
4	309	ΧΙV	977	1005	29	
4	310	ΧΙV	1006	1033	28	
4	311	ΧΙV	1034	1061	28	
4	312	ΧΙV	1062	1090	29	
4	313	ΧΙV	1091	1117	27	
4	314	ΧΙV	1118	1147	30	
4	315	ΧΙV	1148	1176	29	
4	316	ΧΙV	1177	1206	30	
4	317	ΧΙV	1207	1234	28	
4	318	ΧΙV	1235	1263	29	
4	319	ΧΙV	1264	1293	30	
4	320	ΧΙV	1294	1322	29	
4	321	ΧΙV	1323	1349	27	
4	322	ΧΙV	1350	1378	29	
4	323	ΧΙV	1379	1408	30	
4	324	ΧΙV	1409	1437	29	
4	325	ΧΙV	1438	1467	30	
4	326	ΧΙV	1468	1496	29	
4	327	ΧΙV	1497	1526	30	
4	328	ΧΙV	1527	1550	24	
4	329	ΧΙV	1551	1579	29	
4	330	ΧΙV	1580	1608	29	
4	331	ΧΙV	1609	1637	29	
4	332	ΧΙV	1638	1666	29	
4	333	ΧΙV	1667	1695	29	
4	334	ΧΙV	1696	1725	30	
4	335	ΧΙV	1726	1754	29	
4	336	ΧΙV	1755	1783	29	
4	337	ΧΙV	1784	1812	29	
4	338	ΧΙV	1813	1842	30	
4	339	ΧΙV	1843	1870	28	
4	340	ΧΙV	1871	1899	29	
4	341	ΧΙV	1900	1928	29	
4	342	ΧΙV	1929	1957	29	
4	343	ΧΙV	1958	1985	28	
4	344	ΧΙV	1986	2014	29	
4	345	ΧΙV	2015	2043	29	
4	346	ΧΙV	2044	2072	29	
4	347	ΧΙV	2073	2101	29	
4	348	ΧΙV	2102	2130	29	
4	349	ΧΙV	2131	2159	29	
4	350	ΧΙV	2160	2188	29	
4	351	ΧΙV	2189	2217	29	
4	352	ΧΙV	2218	2246	29	
4	353	ΧΙV	2247	2275	29	
4	354	ΧΙV	2276	2304	29	
4	355	ΧΙV	2305	2334	30	
4	356	ΧΙV	2335	2363	29	
4	357	ΧΙV	2364	2393	30	
4	358	ΧΙV	2394	2422	29	
4	359	ΧΙV	2423	2451	29	
4	360	ΧΙV	2452	2480	29	
4	361	ΧΙV	2481	2508	28	
4	362	ΧΙV	2509	2536	28	
4	363	ΧΙV	2537	2565	29	
4	364	ΧΙV	2566	2594	29	
4	365	ΧΙV	2595	2623	29	
4	366	ΧΙV	2624	2652	29	
4	367	ΧΙV	2653	2682	30	
4	368	ΧΙV	2683	2711	29	
4	369	ΧΙV	2712	2741	30	
4	370	ΧΙV	2742	2771	30	
4	371	ΧΙV	2772	2801	30	
4	372	ΧΙV	2802	2830	29	
4	373	ΧΙV	2831	2859	29	
4	374	ΧΙV	2860	2889	30	
4	375	ΧΙV	2890	2900	11	
4	376	XV	1	20	20	
4	377	XV	21	49	29	
4	378	XV	50	78	29	
4	379	XV	79	108	30	
4	380	XV	109	138	30	
4	381	XV	139	167	29	
4	382	XV	168	196	29	
4	383	XV	197	225	29	
4	384	XV	226	254	29	
4	385	XV	255	282	28	
4	386	XV	283	311	29	
4	387	XV	312	341	30	
4	388	XV	342	370	29	
4	389	XV	371	397	27	
4	390	XV	398	425	28	
4	391	XV	426	449	24	
4	392	XV	450	478	29	
4	393	XV	479	507	29	
4	394	XV	508	536	29	
4	395	XV	537	564	28	
4	396	XV	565	592	28	
4	397	XV	593	621	29	
4	398	XV	622	650	29	
4	399	XV	651	674	24	
4	400	XV	675	704	30	
4	401	XV	705	733	29	
4	402	XV	734	762	29	
4	403	XV	763	789	27	
4	404	XV	790	818	29	
4	405	XV	819	847	29	
4	406	XV	848	876	29	
4	407	XV	877	905	29	
4	408	XV	906	934	29	
4	409	XV	935	961	27	
4	410	XV	962	991	30	
4	411	XV	992	1017	26	
4	412	XV	1018	1047	30	
4	413	XV	1048	1075	28	
4	414	XV	1076	1103	28	
4	415	XV	1104	1105	2	
4	416	XVI	1	20	20	
4	417	XVI	21	49	29	
4	418	XVI	50	77	28	
4	419	XVI	78	105	28	
4	420	XVI	106	130	25	
4	421	XVI	131	157	27	
4	422	XVI	158	186	29	
4	423	XVI	187	216	30	
4	424	XVI	217	246	30	
4	425	XVI	247	275	29	
4	426	XVI	276	292	17	
4	427	XVII	1	20	20	
4	428	XVII	21	49	29	
4	429	XVII	50	78	29	
4	430	XVII	79	100	22	
4	431	XVII	101	109	9	
4	432	XVIII	1	20	20	
4	433	XVIII	21	49	29	
4	434	XVIII	50	79	30	
4	435	XVIII	80	108	29	
4	436	XVIII	109	137	29	
4	437	XVIII	138	166	29	
4	438	XVIII	167	196	30	
4	439	XVIII	197	223	27	
4	440	XVIII	224	253	30	
4	441	XVIII	254	282	29	
4	442	XVIII	283	311	29	
4	443	XVIII	312	312	1	